filter_id,Mg,Al,Si,S,K,Ca,Ti,Mn,Fe,Zn,BC,arm,fueltype
3M50038,0.0692,0.1938,0.0088,0.1313,0.3547,0.118,0.0111,0.0038,0.0827,0.0031,2.584502789,Control,Biomass
3M50039,0.1172,0.461,0.7402,0.2661,1.015,0.6348,0.0323,0.0161,0.2321,0.0046,13.57936638,Intervention,Biomass
3M50040,0.1216,0.0077,0.2425,0.3313,1.9132,0.6317,0.0276,0.0133,0.1395,0.0064,95.61282816,Control,Biomass
3M50046,0.1992,1.6462,1.899,0.236,1.8146,0.5638,0.1105,0.0241,0.8825,0.0031,10.03408894,Control,Biomass
3M50080,0.1087,0.1857,0.8719,0.4874,0.7701,1.0556,0.0276,0.0038,0.1456,0.0031,10.65904838,Intervention,Biomass
3M50107,0.03,0.0077,0.0088,0.1635,0.8615,0.0376,0.0111,0.0068,0.053900000000000003,0.0031,10.84864053,Control,Biomass
3M50113,0.1708,0.0077,0.0731,0.2891,1.9753,0.3737,0.0161,0.0161,0.1554,0.0082,18.10095484,Intervention,Biomass
3M50148,0.1881,0.7904,2.1355,0.2827,1.7105,0.6944,0.1059,0.0309,0.6341,0.0155,15.9761811,Control,Biomass
3M50150,0.0566,0.3094,0.6807,0.1107,0.4447,0.442,0.0438,0.0362,0.4971,0.0031,2.550552014,Intervention,LPG
3M50188,0.0152,0.0077,0.0088,0.057,0.1998,0.0774,0.0111,0.0068,0.0429,0.0031,11.59620846,Intervention,Biomass
3M50190,0.0407,0.1534,0.0088,0.1671,0.6321,0.1057,0.0111,0.0038,0.0429,0.0031,11.08881201,Control,Biomass
3M50193,0.0685,0.297,0.175,0.187,1.0366,0.154,0.0254,0.0268,0.1404,0.0031,8.939040098,Control,Biomass
3M50212,0.0665,0.559,0.6262,0.3996,0.3569,0.1987,0.046,0.0133,0.2411,0.0046,4.620283818,Control,Biomass
3M50727,0.1399,0.6933,1.4347,0.2559,1.8091,0.9646,0.0668,0.0455,0.4789,0.0468,9.140840192,Control,Biomass
3M50733,0.1028,0.9685,1.9362,0.4907,2.2967,0.8474,0.1313,0.0816,0.7857,0.0155,7.962898578,Control,Biomass
3M50755,0.0694,0.0705,0.1134,0.4989,3.6518,0.4244,0.0111,0.0108,0.1375,0.0031,17.75336159,Intervention,Biomass
3M50757,0.0785,0.2296,0.633,0.2385,0.9836,0.4297,0.0345,0.0334,0.2789,0.0137,11.16643865,Control,Biomass
3M50775,0.0194,0.0077,0.1443,0.2602,0.3411,0.1848,0.023,0.0148,0.2171,0.0046,2.575930641,Intervention,LPG
3M50783,0.0603,0.0077,0.0088,0.3684,1.2576,0.1691,0.0111,0.0093,0.0418,0.0031,11.48788761,Intervention,Biomass
3M50786,0.0159,0.0254,0.0802,0.271,0.1541,0.1392,0.0206,0.0038,0.0917,0.0194,2.554747001,Intervention,LPG
3M50794,0.0491,0.3327,0.0548,0.1706,0.1903,0.0787,0.023,0.0038,0.0997,0.0031,2.563241327,Intervention,LPG
3M50813,0.0783,0.3119,0.0088,0.1614,0.561,0.2734,0.0111,0.0038,0.0219,0.0031,4.892116288,Intervention,LPG
3M50821,0.0743,0.2677,0.1638,0.2292,0.6394,0.1521,0.0206,0.0038,0.1067,0.0155,5.112406666,Control,Biomass
3M50824,0.0807,0.0345,0.0088,0.4675,2.0684,0.6224,0.0184,0.0038,0.1266,0.0031,12.86530738,Control,Biomass
3M50825,0.0464,0.3377,0.8315,0.2067,0.3773,0.204,0.076,0.0442,0.4898,0.0082,2.623794217,Intervention,LPG
3M50829,0.151,0.2604,0.9776,0.5758,3.7906,0.8678,0.0484,0.0495,0.2869,0.0046,12.02412121,Intervention,Biomass
3M50833,0.0205,0.0077,0.0088,0.2402,0.3983,0.0572,0.0184,0.0148,0.1116,0.01,2.567415168,Intervention,LPG
3M50871,0.0066,0.0077,0.0088,0.7743,6.899,0.0696,0.0161,0.0121,0.0398,0.0212,11.95450085,Control,Biomass
3M50876,0.0475,0.0471,0.3256,0.4014,3.1989,0.3415,0.0111,0.0309,0.0488,0.0046,10.51080519,Control,Biomass
3M50877,0.1251,0.3795,0.8538,0.301,1.0006,0.4392,0.0391,0.0038,0.0648,0.0031,5.726621133,Control,Biomass
3M50888,0.086,0.3353,0.1136,0.1328,0.7422,0.1797,0.0111,0.0108,0.1185,0.0031,9.697128059,Control,Biomass
3M50889,0.1074,0.452,0.3665,0.1381,0.4799,0.3629,0.0111,0.0148,0.1445,0.0031,2.610565002,Control,Biomass
3M50890,0.0703,0.3561,0.1494,0.2204,0.6821,0.0984,0.0111,0.0038,0.1136,0.0031,12.93550737,Control,Biomass
3M50924,0.048,0.0077,0.0088,0.1943,0.5083,0.1702,0.0111,0.0038,0.0946,0.0031,7.609532835,Control,Biomass
3M50927,0.0762,0.4589,1.196,0.2383,0.3569,0.3828,0.0438,0.0161,0.4168,0.0031,5.828880525,Intervention,LPG
3M50986,0.0457,0.1304,0.7161,0.2816,1.1341,0.3041,0.0206,0.0309,0.1704,0.0031,12.70248836,Control,Biomass
3M50987,0.0157,0.2221,0.3264,0.1969,0.3068,0.1432,0.0111,0.0294,0.275,0.0137,4.639786074,Intervention,LPG
3M50995,0.0321,0.326,0.5431,0.5304,0.2825,0.0309,0.0111,0.0108,0.015,0.0212,22.97534826,Control,Biomass
3M50998,0.0924,0.5482,0.7029,0.6341,1.7561,0.2495,0.0276,0.0201,0.2151,0.0031,11.34860935,Control,Biomass
3M51000,0.1087,0.6929,0.3967,0.2076,0.3349,0.1938,0.0323,0.0228,0.3149,0.0031,2.584502789,Intervention,LPG
3M51014,0.1342,0.5188,0.7902,0.3393,1.1012,0.4737,0.0161,0.0038,0.1505,0.0064,15.36308495,Intervention,LPG
3M51018,0.088,0.4315,0.277,0.8947,2.1853,0.3439,0.0111,0.0038,0.1545,0.0031,16.17437642,Intervention,Biomass
3M51026,0.1821,0.6334,0.4851,0.2212,0.6312,0.4796,0.03,0.0495,0.3048,0.0064,11.77192864,Control,Biomass
3M51036,0.065,0.8037,1.2168,0.4321,0.5066,0.2246,0.0599,0.0201,0.5081,0.0285,7.191615967,Intervention,LPG
3M51073,0.0729,0.0632,0.3483,0.1209,0.2745,0.4358,0.0111,0.0161,0.1384,0.0082,2.601819391,Intervention,LPG
3M51077,0.1456,0.3337,0.7331,0.1877,1.9351,0.6597,0.023,0.0374,0.2641,0.0031,9.816311329,Intervention,Biomass
3M51083,0.1739,0.7155,2.4463,0.1753,0.9389,0.8742,0.0829,0.0201,0.3967,0.0031,10.14596113,Intervention,Biomass
3M51092,0.0393,0.2648,0.6869,0.4354,0.5159,0.1861,0.0369,0.0201,0.2531,0.0155,8.164597503,Intervention,LPG
3M51094,0.0966,0.6419,1.3885,0.3574,0.9429,0.6481,0.0621,0.063,0.4405,0.0303,13.86799901,Control,Biomass
3M51102,0.2491,0.2668,0.3786,0.3344,0.7754,0.2153,0.023,0.0201,0.248,0.0046,8.139135941,Control,Biomass
3M51112,0.1214,1.352,2.0476,0.2349,0.467,0.3138,0.0829,0.0334,0.5556,0.0064,2.610565002,Intervention,LPG
3M51114,0.2615,1.0024,0.9181,0.4031,1.789,1.3304,0.0345,0.0173,0.7455,0.0031,14.7115211,Control,Biomass
3M51125,0.1211,0.4721,0.1813,0.1841,0.3399,0.3508,0.0369,0.0281,0.1655,0.0082,4.50918432,Control,Biomass
3M51129,0.0953,1.0938,1.7344,0.5861,3.7157,0.4989,0.0645,0.0469,0.7181,0.023,19.41406262,Control,Biomass
3M51130,0.084,0.2226,0.3293,0.4284,0.5877,0.1532,0.023,0.0173,0.276,0.0031,8.14873529,Intervention,LPG
3M51139,0.0477,0.5035,0.8695,0.5176,2.7588,0.3832,0.0369,0.0389,0.4789,0.0031,14.44850614,Control,Biomass
3M51144,0.1532,0.5327,1.7196,0.4568,0.6978,0.4206,0.0899,0.0562,0.4149,0.0031,7.92275529,Control,Biomass
3M51146,0.1169,0.0506,0.177,0.5276,1.1535,0.3401,0.023,0.0148,0.1067,0.0175,9.860806345,Control,Biomass
3M51164,0.0895,0.6078,0.8967,0.3709,1.705,0.4752,0.0506,0.0148,0.4241,0.0031,15.59808752,Control,Biomass
3M51187,0.0977,0.5114,0.3503,0.2535,0.9705,0.3099,0.023,0.0068,0.1565,0.0031,14.72401052,Intervention,Biomass
3M51188,0.0873,0.5579,0.4084,0.16,0.3019,0.166,0.0111,0.0068,0.1644,0.0137,2.554747001,Intervention,LPG
3M51198,0.1008,0.5932,0.4834,0.1985,0.9002,0.2907,0.023,0.0615,0.2142,0.0031,9.426280076,Control,Biomass
3M51199,0.132,0.3105,0.1991,0.2845,0.3433,0.1127,0.0161,0.0038,0.0548,0.0119,2.635469353,Intervention,LPG
3M51202,0.145,0.8266,1.377,0.2812,0.3667,0.2469,0.0575,0.0455,0.5939,0.0031,2.601819391,Intervention,LPG
3M51253,0.0153,0.0729,0.0258,0.25,2.7953,0.0679,0.0184,0.0121,0.0946,0.0082,12.80223352,Control,Biomass
3M51270,0.013,0.0077,0.0561,0.8384,4.7074,0.397,0.0111,0.0108,0.0637,0.0303,10.46457803,Intervention,Biomass
3M51273,0.2579,1.3334,2.2193,0.9131,5.4525,1.1874,0.1105,0.0615,0.7784,0.0031,10.71946536,Control,Biomass
3M51278,0.0816,0.1653,0.4484,0.7511,7.0396,0.4135,0.0438,0.0402,0.1892,0.0064,20.6994654,Control,Biomass
3M51280,0.0188,0.0077,0.0847,0.1382,0.2769,0.0835,0.0111,0.0038,0.0398,0.0031,2.661669898,Intervention,LPG
3M51284,0.0871,0.0961,0.1171,0.1974,1.0994,0.2078,0.0111,0.0093,0.1107,0.0031,15.56702944,Control,Biomass
3M51291,0.1505,1.3763,1.7437,0.2814,1.7635,1.1467,0.0714,0.0696,0.86240000000000006,0.0285,8.972224132,Control,Biomass
3M51307,0.0928,0.3541,0.1293,0.3006,0.9749,0.2517,0.0111,0.0038,0.0738,0.0031,15.05598302,Control,Biomass
3M51310,0.1662,0.9239,0.8509,0.3735,0.9007,0.8207,0.076,0.0133,0.6286,0.0046,10.3750303,Intervention,LPG
3M51312,0.0294,0.0933,0.3779,0.2168,0.221,0.1868,0.023,0.0093,0.2221,0.0031,2.632688434,Intervention,LPG
3M51314,0.1081,0.0458,0.1408,0.2281,0.2506,0.6447,0.0111,0.0038,0.0568,0.0031,2.60618486,Intervention,LPG
3M51322,0.168,1.9021,3.0062,0.5031,3.5952,0.727,0.1129,0.0402,0.9555,0.0321,20.59541886,Control,Biomass
3M51328,0.0212,0.0469,0.1311,0.2623,0.7373,0.0928,0.0206,0.0093,0.1225,0.0031,10.97277652,Control,Biomass
3M51332,0.2679,2.1399,3.7031,0.5977,1.9497,0.782,0.076,0.0148,0.8879,0.0394,11.75151683,Intervention,Biomass
3M51338,0.0617,0.5121,1.0656,0.3583,0.6224,0.1788,0.0254,0.0133,0.2301,0.0082,6.457291309,Intervention,LPG
3M51353,0.0641,0.4814,0.2531,0.4127,0.2767,0.0838,0.0111,0.0038,0.1196,0.0031,2.567415168,Intervention,LPG
3M51356,0.0798,0.7681,1.0032,0.6102,4.607,0.2456,0.0645,0.0188,0.4515,0.01,16.29961789,Control,Biomass
3M51359,0.1408,0.5152,0.5937,0.6074,0.2056,0.3934,0.0111,0.0038,0.0787,0.0031,5.74970367,Intervention,LPG
3M51366,0.0756,0.5227,0.7278,0.646,0.3448,0.2436,0.0323,0.0093,0.248,0.01,4.166217287,Intervention,LPG
3M51377,0.0546,0.1848,0.2162,0.4418,0.2898,0.0614,0.0254,0.0068,0.1963,0.0031,2.623794217,Control,Biomass
3M51385,0.0902,1.2375,1.4702,0.5738,0.6169,0.2851,0.0575,0.0241,0.6067,0.0194,9.810163515,Intervention,LPG
3M51400,0.0398,0.2798,0.5935,0.5104,0.4038,0.2182,0.0161,0.0133,0.2142,0.0082,4.978666427,Intervention,LPG
3M51406,0.0647,0.4091,1.0967,0.589,0.4852,0.263,0.0415,0.0121,0.2769,0.0064,2.569582702,Intervention,LPG
3M51408,0.1972,0.9053,1.7695,0.7426,1.2749,0.7557,0.0668,0.0389,0.6304,0.0137,16.39451432,Control,Biomass
3M51418,0.1565,0.2831,0.6649,0.4672,1.4311,0.5627,0.0369,0.0188,0.2162,0.0082,15.28507606,Intervention,LPG
3M51456,0.1505,0.7291,1.0855,0.4071,0.2623,0.713,0.0621,0.0038,0.2938,0.0031,2.687346326,Control,Biomass
3M51466,0.1176,0.6187,0.7446,0.4555,0.9367,0.2749,0.0184,0.008,0.1574,0.0064,13.61181349,Control,Biomass
3M51467,0.0066,0.0077,0.0088,0.0033,0.002,0.0051,0.0111,0.0038,0.0055,0.01,2.619369606,Intervention,LPG
3M51469,0.1395,0.6109,0.892,0.3859,0.3043,0.164,0.0161,0.0038,0.1145,0.0031,2.533908934,Intervention,LPG
3M51478,0.1326,0.6845,0.8874,0.5132,1.0132,0.2378,0.0369,0.0093,0.1724,0.0119,13.61181349,Control,Biomass
3M51486,0.0656,0.7018,0.4242,0.1883,0.4056,0.0615,0.0161,0.008,0.2272,0.0031,3.746624047,Intervention,LPG
3M51500,0.0121,0.0077,0.1709,0.1846,0.3651,0.2321,0.0111,0.0121,0.278,0.0031,2.567415168,Control,Biomass
3M51510,0.0603,0.9104,1.2421,1.0167,0.61240000000000006,0.1333,0.0805,0.0108,0.5994,0.0031,2.584502789,Intervention,LPG
3M51532,0.1569,0.6684,2.1367,1.1137,0.9119,1.1968,0.0968,0.0093,0.4862,0.034,2.623794217,Intervention,LPG
3M51551,0.1399,1.0916,2.0316,0.6514,0.5461,0.3227,0.0853,0.0615,0.866,0.0155,4.762974459,Intervention,LPG
3M51600,0.1898,1.0289,2.6899,0.4734,1.2656,0.6149,0.0829,0.0362,0.4898,0.0031,11.28260507,Control,Biomass
3M51612,0.3888,0.4957,0.3085,0.3052,0.9729,0.4505,0.0111,0.008,0.248,0.0031,7.104850409,Control,Biomass
3M51617,0.1308,1.0881,1.3547,0.3853,1.1332,0.2928,0.0645,0.0522,0.5263,0.0031,13.15510179,Control,Biomass
3M51618,0.2126,0.5364,0.427,0.4812,2.0264,0.4703,0.0206,0.0241,0.2212,0.0137,16.93868444,Control,Biomass
3M51632,0.1671,0.6942,1.537,0.4558,0.7102,0.2509,0.0111,0.0241,0.1863,0.0064,5.674606813,Intervention,LPG
3M51658,0.149,0.6947,0.585,0.2553,0.4805,0.4179,0.0323,0.0133,0.3258,0.0031,8.104304534,Intervention,Biomass
3M51661,0.0944,0.585,1.0625,0.2363,0.5577,0.2151,0.0111,0.0148,0.3576,0.0031,8.426378219,Control,Biomass
3M51662,0.1114,0.2237,0.6003,0.7234,1.8694,0.2906,0.0111,0.008,0.1874,0.01,12.68458421,Intervention,LPG
3M51665,0.0857,0.5276,1.0097,0.9882,4.9887,0.4171,0.0391,0.0349,0.254,0.0321,32.46684099,Intervention,Biomass
3M51672,0.0882,0.0559,0.1242,0.5075,0.9462,0.2641,0.0206,0.0108,0.1456,0.0064,11.85444265,Control,Biomass
3M51678,0.032,0.223,0.3317,0.6469,5.8397,0.1518,0.0276,0.0093,0.2122,0.0285,7.723581149,Intervention,Biomass
3M51684,0.2082,1.5531,2.8463,0.5908,4.8407,0.9276,0.1059,0.0442,0.6797,0.0031,16.90301827,Control,Biomass
3M51685,0.151,0.6414,0.9928,0.3894,0.6584,0.4869,0.076,0.0309,0.3298,0.1835,10.14141426,Control,Biomass
3M51688,0.1598,0.8452,0.7926,0.3543,0.2772,0.3567,0.0323,0.0228,0.3346,0.0031,2.588810294,Intervention,LPG
3M51689,0.2655,2.0184,2.8243,0.4427,1.4804,0.8949,0.1516,0.0334,1.2678,0.0031,12.56592971,Intervention,LPG
3M51690,0.0663,0.4653,0.1487,0.2425,0.2029,0.0657,0.0111,0.0121,0.1196,0.0031,2.030966173,Intervention,LPG
3M51691,0.0948,0.6682,1.2698,0.4593,0.6092,0.3958,0.046,0.0294,0.5556,0.0082,4.382529245,Intervention,LPG
3M51694,0.0345,0.0968,0.2557,0.2612,0.2542,0.0743,0.0111,0.0038,0.1644,0.0031,2.655190045,Intervention,LPG
3M51695,0.0553,0.3379,0.4297,0.2677,0.1784,0.0857,0.0323,0.0228,0.284,0.0175,2.575930641,Intervention,LPG
3M51698,0.1364,0.561,1.602,0.5731,1.4913,0.4149,0.0668,0.0133,0.4825,0.0175,16.50434893,Control,Biomass
3M51705,0.1134,1.6725,2.7487,0.4418,2.2474,0.3527,0.0944,0.0751,1.003,0.0248,18.46851838,Control,Biomass
3M51711,0.0774,0.2869,0.3969,0.3985,0.4336,0.1109,0.0323,0.0228,0.2292,0.0031,5.862994115,Intervention,Biomass
3M51728,0.1167,0.6573,1.4106,0.6748,2.6182,0.3338,0.0621,0.0038,0.3547,0.0046,20.26005448,Control,Biomass
3M51743,0.0816,0.7276,0.6724,0.4239,1.0218,0.1328,0.023,0.0038,0.271,0.0155,6.610977784,Control,Biomass
3M51747,0.1359,0.4873,0.9131,0.4135,0.7555,0.3959,0.0206,0.0093,0.1185,0.0031,12.36331222,Control,Biomass
3M51751,0.1777,0.7813,2.2916,1.053,1.053,1.104,0.03,0.0173,0.3287,0.0031,14.92957922,Intervention,Biomass
3M51757,0.1136,1.4479,2.2058,0.4056,0.6096,0.2385,0.0805,0.055,0.74,0.0031,5.979695686,Intervention,LPG
3M51767,0.0727,0.4277,0.601,0.3989,1.3657,0.1567,0.023,0.0214,0.2111,0.0194,9.839510642,Intervention,LPG
3M51769,0.038,0.1401,0.2935,0.9924,1.2576,0.1739,0.023,0.0038,0.2002,0.0031,8.959960334,Intervention,Biomass
3M51775,0.1372,0.3532,1.2256,2.0129,9.7151,0.5833,0.03,0.008,0.2053,0.0031,18.80120964,Intervention,Biomass
3M51778,0.0307,0.0858,0.0953,0.9148,0.6956,0.1256,0.0111,0.0121,0.1275,0.0031,8.876264096,Control,Biomass
3M51780,0.2935,2.6322,4.0872,1.1076,1.1051,0.9703,0.145,0.0402,1.3372,0.0082,7.404802993,Control,Biomass
3M51781,0.1589,0.7844,1.1646,1.0492,0.4526,0.6721,0.046,0.0201,0.5209,0.0155,4.511644721,Intervention,LPG
3M51782,0.103,0.8271,1.1769,0.2999,0.3519,0.1434,0.0484,0.0294,0.3377,0.0031,2.597468522,Intervention,LPG
3M51789,0.0864,0.7075,0.77,0.3278,0.3335,0.0915,0.0111,0.0133,0.275,0.0031,9.57790822,Control,Biomass
3M51790,0.0937,0.6721,0.4686,0.3883,1.0611,0.1426,0.0111,0.008,0.1952,0.0064,11.3193336,Control,Biomass
3M51796,0.1214,1.327,2.3798,0.3178,0.4456,0.3369,0.0875,0.0241,0.7455,0.0031,3.779567861,Intervention,Biomass
3M51811,0.3936,2.0491,3.7897,0.6065,3.0985,1.476,0.145,0.0871,1.4797,0.0212,13.5173525,Intervention,Biomass
3M51813,0.0864,0.6218,1.3907,0.6237,4.4079,0.1775,0.0369,0.0268,0.2898,0.0321,15.03044551,Control,Biomass
3M51814,0.2416,1.2342,1.9987,0.4173,0.6679,0.8386,0.1174,0.0522,0.9099,0.0031,6.782367542,Control,Biomass
3M51816,0.1523,1.7757,2.7842,0.439,1.1354,0.6125,0.122,0.0161,0.8058,0.0082,9.1041479,Control,Biomass
3M51837,0.0502,0.2387,0.4383,0.4067,0.7992,0.1151,0.0111,0.0038,0.1026,0.0031,11.31064251,Control,Biomass
3M51839,0.3174,0.9252,1.9121,0.3561,0.5619,0.6931,0.0506,0.0241,0.2699,0.0137,6.921281493,Control,Biomass
3M51851,0.0961,0.5355,0.2951,0.3541,0.3083,0.1485,0.0111,0.0038,0.1087,0.0119,11.17287164,Control,Biomass
3M51855,0.1262,0.6912,0.9919,0.4096,0.608,0.328,0.0415,0.0173,0.2002,0.0031,8.202754442,Control,Biomass
3M51859,0.0566,0.2661,0.282,0.4341,2.2785,0.2142,0.0111,0.0068,0.1107,0.0119,18.05138991,Control,Biomass
3M51861,0.0951,1.1306,1.7366,0.3693,0.5709,0.2413,0.053,0.0214,0.5446,0.0137,4.879401366,Intervention,LPG
3M51873,0.1421,0.631,0.9073,0.9022,1.3493,0.5462,0.053,0.0201,0.4935,0.01,10.12786575,Control,Biomass
3M51874,0.1481,1.5984,2.4766,0.7212,0.7438,1.0844,0.1335,0.0429,1.2678,0.0031,4.170721276,Intervention,LPG
3M51881,0.5289,0.4562,1.2753,0.8269,1.3818,1.1159,0.0506,0.0482,0.3729,0.0031,8.629993864,Control,Biomass
3M51895,0.05,0.0077,0.0464,0.9891,1.3359,0.1492,0.0111,0.0068,0.0888,0.0031,13.77476477,Intervention,Biomass
3M51909,0.0984,0.6007,1.5133,0.9814,1.9936,0.4191,0.0276,0.0334,0.2959,0.0031,12.32603485,Control,Biomass
3M51914,0.0511,0.3908,0.5431,0.8406,0.5002,0.233,0.023,0.0133,0.2232,0.0031,4.410234794,Intervention,LPG
3M51915,0.0665,0.7501,0.5623,0.9318,0.8258,0.1684,0.0276,0.0038,0.2659,0.0064,8.085116058,Control,Biomass
3M51916,0.0747,0.404,0.2303,1.1913,0.9062,0.0972,0.0111,0.0038,0.1813,0.01,7.699414136,Control,Biomass
3M51924,0.1452,0.8249,1.2296,1.1219,2.0904,0.3901,0.0276,0.0161,0.2641,0.0046,18.03860936,Control,Biomass
3M51926,0.0466,0.4325,0.7919,0.9581,0.2595,0.1731,0.03,0.0268,0.3912,0.0082,2.619369606,Intervention,LPG
3M51928,0.1832,0.3634,0.5019,1.2072,2.063,0.2991,0.0276,0.0201,0.267,0.0119,10.44814116,Control,Biomass
3M51929,0.0727,0.4257,0.8852,1.114,1.4055,0.3004,0.053,0.0241,0.3967,0.0212,11.2612405,Intervention,Biomass
3M51931,0.1067,0.421,0.9285,1.1232,0.8317,0.3433,0.0206,0.0161,0.3506,0.0119,11.46881944,Intervention,Biomass
3M51933,0.034,0.1132,0.1317,1.118,0.4264,0.055,0.0111,0.0038,0.1594,0.0046,4.174689874,Intervention,LPG
3M51937,0.1607,0.7502,0.8401,1.2904,0.8593,0.3994,0.0805,0.0214,0.4916,0.0137,9.282383069,Control,Biomass
3M51942,0.0893,0.5358,0.4385,1.1719,1.1938,0.1759,0.0276,0.0254,0.2381,0.0031,24.45136292,Control,Biomass
3M51950,0.145,0.7426,0.9245,1.4521,0.5304,0.1536,0.0111,0.0038,0.2022,0.0031,7.352855703,Control,Biomass
3M51953,0.1271,0.6189,0.4445,1.3956,0.633,0.2009,0.0184,0.0093,0.2949,0.0031,6.797485432,Intervention,LPG
3M51957,0.1512,0.702,0.9743,1.4477,0.5375,0.3667,0.0575,0.0241,0.4095,0.0031,7.178856074,Intervention,LPG
3M51966,0.3479,1.1752,1.581,0.7101,3.5733,0.8512,0.0676,0.0924,0.7236,0.0173,8.744535374,Control,Biomass
3M51967,0.0791,0.4142,0.3689,0.7245,3.524,0.2365,0.0369,0.0201,0.254,0.01,14.66156358,Control,Biomass
3M51976,0.1001,0.9582,0.7557,1.354,0.7133,0.275,0.0785,0.0068,0.6396,0.0393,6.200724125,Intervention,LPG
3M51977,0.1333,0.7312,1.2212,1.4386,1.2682,0.1744,0.0438,0.0038,0.2601,0.0031,11.077726,Control,Biomass
3M51985,0.0515,0.3275,0.1992,1.2673,0.6408,0.0643,0.0111,0.0108,0.0957,0.0031,6.474891945,Intervention,LPG
3M51995,0.0959,0.5724,0.8127,1.4155,2.1305,0.2349,0.0438,0.0362,0.3079,0.0031,19.68387197,Control,Biomass
3M51996,0.4604,1.428,4.0569,1.4484,1.7488,2.3343,0.1059,0.0522,0.7345,0.021,15.18855873,Control,Biomass
3M52002,0.1708,0.9471,1.2258,1.4433,1.3062,0.856,0.0345,0.0173,0.5373,0.0212,13.90622622,Intervention,Biomass
3M52016,0.1708,0.6492,0.8138,1.7841,3.1459,0.5214,0.0714,0.0643,0.3547,0.0192,11.13669692,Control,Biomass
3M52022,0.1653,1.236,1.8719,0.5545,1.8201,0.5587,0.0877,0.0188,0.5702,0.0046,15.36908363,Control,Biomass
3M52023,0.082,0.5282,0.4723,0.4675,0.3309,0.1525,0.03,0.0038,0.1863,0.034,3.246725984,Intervention,LPG
3M52026,0.1163,0.6082,0.6315,0.6306,1.0958,0.8509,0.0254,0.0068,0.2549,0.0155,12.15771295,Control,Biomass
3M52031,0.1229,0.8315,1.2326,0.5311,0.4277,0.2469,0.046,0.0161,0.3857,0.0031,3.246725984,Intervention,LPG
3M52035,0.1412,0.6852,0.9453,0.5488,1.0417,0.383,0.0369,0.0108,0.3401,0.0338,17.10036236,Control,Biomass
3M52045,0.1092,0.791,0.9654,0.526,1.7342,0.2394,0.0323,0.0108,0.3309,0.0303,16.08656671,Intervention,Biomass
3M52049,0.1536,0.8744,1.1542,0.4873,0.4578,0.3629,0.046,0.0281,0.5154,0.0031,3.797653648,Intervention,LPG
3M52050,0.162,0.6993,0.555,0.6465,0.7407,0.4356,0.0345,0.067,0.2869,0.0301,6.722393818,Control,Biomass
3M52051,0.1903,1.0998000000000001,1.2541,0.5106,0.4655,0.1432,0.0645,0.0349,0.5318,0.0155,4.391543848,Intervention,LPG
3M52064,0.1731,1.2791,1.6062,0.8008,0.9444,0.3985,0.0621,0.0214,0.4551,0.0137,10.60673995,Intervention,Biomass
3M52067,0.1003,0.3342,0.3002,0.6299,0.5629,0.1105,0.0111,0.0038,0.1246,0.0031,15.14574626,Control,Biomass
3M52069,0.1339,0.4652,0.7722,0.5263,0.3254,0.6516,0.0484,0.0038,0.1793,0.0431,2.588810294,Intervention,LPG
3M52077,0.1788,0.6761,0.9522,0.7753,1.5297,0.4107,0.0621,0.0228,0.3748,0.0137,8.71755018,Control,Biomass
3M52083,0.0937,0.5121,0.957,0.5926,0.6421,0.1819,0.0111,0.0108,0.1465,0.0082,39.84683964,Intervention,LPG
3M52084,0.0864,0.5156,0.3536,0.7484,1.8475,0.0966,0.0323,0.008,0.1225,0.063,20.44298971,Control,Biomass
3M52086,0.0941,0.3212,0.1165,0.6881,1.0413,0.2458,0.0276,0.0214,0.1205,0.0031,7.853562947,Control,Biomass
3M52091,0.216,1.035,1.1374,0.9462,3.356,1.0355,0.0369,0.0334,0.6962,0.0155,32.16581148,Control,Biomass
3M52115,0.328,2.2514,3.6456,1.2817,2.4246,1.4504,0.1644,0.0281,1.1418,0.0031,20.49244632,Control,Biomass
3M52119,0.1019,0.6306,0.4812,0.8317,0.4597,0.2851,0.0438,0.0522,0.298,0.0031,4.890714535,Intervention,LPG
3M52120,0.0948,0.4053,0.2728,0.9447,1.4603,0.1947,0.0599,0.0148,0.2889,0.0031,9.740517348,Control,Biomass
3M52125,0.2537,0.5464,0.5833,0.9422,2.2766,0.9047,0.0506,0.0309,0.284,0.0031,12.77195802,Control,Biomass
3M52127,0.1127,0.4104,0.3548,0.9047,1.0346,0.1934,0.0676,0.0038,0.1693,0.0031,7.976015016,Control,Biomass
3M52138,0.0665,0.3952,0.0426,0.8744,1.2494,0.0891,0.0111,0.0068,0.0458,0.032,9.848306373,Control,Biomass
3M52143,0.1932,0.8255,1.4292,1.3768,0.8003,0.4073,0.0111,0.0038,0.2581,0.0447,7.943608184,Intervention,LPG
3M52146,0.1112,0.9772,0.9844,0.8089,0.4188,0.2277,0.0329,0.0281,0.435,0.0137,5.823548086,Control,Biomass
3M52166,0.0493,0.187,0.0088,0.5966,0.8098,0.063,0.0111,0.0188,0.0698,0.0031,9.789824249,Control,Biomass
3M52171,0.1114,0.7179,0.8264,0.8916,0.5751,0.2807,0.0111,0.008,0.3309,0.021,5.317487124,Intervention,LPG
3M52173,0.1355,0.4197,0.4821,1.0244,1.039,0.257,0.0415,0.0148,0.1554,0.0064,8.650642283,Intervention,Biomass
3M52184,0.0488,0.4231,0.3439,0.2957,0.1888,0.1037,0.0111,0.0188,0.1834,0.0031,22.48221667,Control,Biomass
3M52185,0.0831,0.4644,0.4533,0.5451,0.629,0.1782,0.0415,0.0173,0.2341,0.0031,10.34327529,Intervention,Biomass
3M52189,0.0754,0.7773,0.6969,0.9917,0.4168,0.0908,0.0506,0.0214,0.2949,0.0265,3.124441894,Intervention,LPG
3M52193,0.0572,0.3528,0.1152,0.3207,0.2102,0.082,0.023,0.0121,0.1635,0.0031,2.588810294,Intervention,LPG
3M52204,0.061,0.3855,0.2584,0.5831,0.4852,0.1328,0.0111,0.0161,0.1655,0.0031,6.905332474,Intervention,LPG
3M52209,0.1242,1.6391,2.6119,0.9398,2.7423,0.2893,0.0804,0.0349,0.7637,0.0247,17.33768644,Control,Biomass
3M52210,0.0562,0.2604,0.0088,1.0163,0.2876,0.0446,0.0111,0.0133,0.0917,0.0031,2.692901723,Intervention,Biomass
3M52212,0.101,0.4642,0.8123,1.0048,0.5745,0.1697,0.0111,0.0068,0.1456,0.021,2.554747001,Intervention,LPG
3M52216,0.0937,0.9051,1.4426,0.8419,0.3331,0.1965,0.0553,0.0402,0.5282,0.0031,4.096974058,Intervention,LPG
3M52224,0.097,0.4792,0.6867,0.9867,1.5315,0.2055,0.0668,0.0161,0.235,0.0082,9.377577617,Control,Biomass
3M52229,0.1351,0.4179,0.3979,0.8246,0.9535,0.242,0.0184,0.0108,0.1554,0.0155,10.31079276,Control,Biomass
3M52236,0.2067,1.3644,1.8453,0.7869,0.6335,0.5112,0.0676,0.0482,0.8934,0.0031,4.630454601,Intervention,LPG
3M52242,0.0736,0.198,0.0555,0.3536,0.7097,0.0771,0.0111,0.0038,0.0738,0.0031,6.417254572,Intervention,LPG
3M52264,0.0889,0.6397,0.6268,0.2646,0.2637,0.2701,0.03,0.0038,0.3181,0.0031,2.546370781,Intervention,LPG
3M52265,0.1282,0.5934,0.98,0.4358,0.6138,0.2299,0.0161,0.0093,0.2111,0.0031,28.3633403,Intervention,LPG
3M52272,0.0886,0.3768,0.3024,0.4071,1.2642,0.1141,0.03,0.0188,0.1205,0.01,9.15008086,Intervention,LPG
3M52274,0.0303,0.0077,0.0088,0.3722,1.0424,0.078,0.0111,0.0038,0.03,0.0119,9.15008086,Intervention,LPG
3M52282,0.0603,0.4197,0.2624,0.4305,0.2546,0.0891,0.0345,0.0038,0.1286,0.0228,2.223026561,Intervention,LPG
3M52283,0.0716,0.3333,0.1499,0.5267,0.5479,0.1297,0.0111,0.0038,0.1684,0.0031,4.348520145,Intervention,LPG
3M52287,0.1505,0.1538,0.0088,0.5161,2.9542,0.2102,0.0111,0.0281,0.0469,0.0338,8.077568748,Control,Biomass
3M52299,0.0745,0.4611,0.2374,0.5594,1.5553,0.0981,0.0553,0.0133,0.1624,0.032,14.44604691,Intervention,Biomass
3M52307,0.084,0.6986,0.2971,0.0789,0.2628,0.1896,0.0345,0.0201,0.1693,0.0267,2.383095906,Control,Biomass
3M52329,0.2034,1.8681,2.3658,0.1879,0.5853,0.4703,0.1498,0.0791,1.0925,0.0194,4.897839422,Intervention,LPG
3M52332,0.0681,0.6702,0.3576,0.1532,0.6366,0.0541,0.0111,0.0214,0.2292,0.0031,2.597138003,Intervention,LPG
3M52346,0.0698,0.7177,0.5296,0.1527,0.2749,0.1505,0.0161,0.0148,0.2062,0.0267,2.554620459,Intervention,LPG
3M52350,0.1824,0.6008,0.4458,0.3156,0.2907,0.4955,0.0206,0.0173,0.1036,0.0413,6.493992292,Control,Biomass
3M52360,0.0668,0.9005,0.8145,0.2177,0.2462,0.1034,0.0438,0.008,0.3802,0.0031,3.384875012,Intervention,LPG
3M52377,0.0303,0.2049,0.0088,0.0877,0.1399,0.0351,0.0111,0.0121,0.0378,0.0155,1.828907252,Intervention,LPG
3M52378,0.0486,0.5937,0.3165,0.2104,0.1967,0.1498,0.0345,0.0068,0.1574,0.0031,3.793951671,Control,Biomass
3M52388,0.0442,0.4126,0.0314,0.2223,0.1793,0.0694,0.0111,0.0038,0.0438,0.0394,6.910706251,Control,Biomass
3M52391,0.1056,0.744,0.4739,0.236,0.2913,0.21,0.046,0.0173,0.1415,0.023,2.472099496,Intervention,LPG
3M52404,0.1435,0.7937,0.8052,0.4741,3.5222,0.3925,0.0438,0.008,0.269,0.0194,9.460306802,Intervention,Biomass
3M52413,0.1583,0.709,1.1517,0.6063,1.6484,0.7475,0.0599,0.0469,0.3547,0.0155,14.8179494,Intervention,Biomass
3M52414,0.1096,0.7948,0.7172,0.6242,0.3019,0.3665,0.046,0.0121,0.3784,0.0267,2.727168781,Intervention,LPG
3M52415,0.0426,0.3446,0.0223,0.3026,0.1691,0.0296,0.0111,0.0038,0.0807,0.0064,1.909013314,Intervention,LPG
3M52417,0.057,0.2069,0.6686,0.3083,0.6299,0.208,0.0206,0.0038,0.1255,0.0031,3.898110877,Intervention,LPG
3M52421,0.0665,0.3786,0.238,0.473,0.6516,0.1744,0.0254,0.008,0.1733,0.0046,11.0691915,Control,Biomass
3M52422,0.0351,0.1934,0.4977,0.8078,0.6754,0.1401,0.0506,0.0309,0.2102,0.0137,7.335377928,Control,Biomass
3M52427,0.2741,0.929,1.8544,0.6772,3.3377,1.3151,0.1198,0.0575,0.5793,0.0358,10.59301426,Control,Biomass
3M52433,0.1048,0.0866,0.1001,0.7687,0.8087,0.4635,0.0184,0.008,0.1424,0.0064,10.00328632,Control,Biomass
3M52434,0.0913,0.2798,0.3877,0.687,0.7871,0.614,0.0553,0.0121,0.3674,0.0046,10.68314045,Control,Biomass
3M52452,0.0871,0.3875,0.3074,0.2621,0.6218,0.135,0.0184,0.0093,0.1107,0.0046,10.48982616,Control,Biomass
3M52457,0.0741,0.4915,0.1116,0.8405,0.5804,0.1193,0.0111,0.0161,0.1127,0.0064,7.12054123,Intervention,LPG
3M52466,0.0847,0.3618,0.0088,0.1147,1.0097,0.0763,0.0111,0.0038,0.0657,0.0192,5.927848569,Control,Biomass
3M52467,0.145,0.5431,0.4297,0.3815,2.1835,0.2223,0.0276,0.0228,0.1892,0.0031,10.15027067,Intervention,Biomass
3M52468,0.1503,0.6164,0.5329,0.4047,2.3953,0.4124,0.0254,0.0108,0.1912,0.0502,20.15251497,Control,Biomass
3M52475,0.1644,0.6476,0.7143,0.4904,2.052,0.5132,0.0184,0.0228,0.282,0.0356,14.26314355,Control,Biomass
3M52477,0.2078,1.6192,2.3937,0.3401,0.8971,0.9595,0.1114,0.0038,0.8003,0.0082,11.67498585,Intervention,LPG
3M52482,0.0723,0.5539,0.1169,0.2133,0.2471,0.0482,0.0184,0.0038,0.1046,0.0031,2.63019326,Intervention,LPG
3M52488,0.0902,0.4746,0.0088,0.2305,0.1744,0.0402,0.0111,0.0038,0.023,0.0031,2.540671057,Intervention,LPG
3M52490,0.0815,0.4392,0.0533,0.1919,0.107,0.0369,0.0111,0.0038,0.0966,0.0484,1.984507941,Intervention,LPG
3M52495,0.1056,0.5355,0.3994,0.1476,0.5172,0.2051,0.0415,0.0442,0.1614,0.0031,5.895776828,Control,Biomass
3M52502,0.061,0.112,0.4372,0.3505,1.9552,0.1766,0.0111,0.0038,0.1246,0.0119,8.055836713,Intervention,LPG
3M52509,0.1236,0.7086,0.645,0.1662,0.4633,0.2747,0.0111,0.0038,0.1724,0.0173,5.931652544,Intervention,LPG
3M52510,0.1538,1.4977,1.6468,0.3064,0.2856,0.2422,0.076,0.0173,0.5994,0.0031,5.603748536,Intervention,LPG
3M52518,0.1463,0.8865,0.6819,0.1859,0.2721,0.2606,0.0575,0.0133,0.2719,0.0031,3.696382127,Intervention,LPG
3M52527,0.0895,0.5831,0.3892,0.2623,0.3295,0.1266,0.0111,0.0038,0.1565,0.0031,4.111554342,Intervention,LPG
3M52533,0.12,0.4739,0.2473,0.3006,0.3601,0.2188,0.0111,0.0068,0.1026,0.01,5.097563023,Control,Biomass
3M52540,0.0798,0.5123,0.2075,0.2876,0.3457,0.0893,0.0484,0.0038,0.1266,0.0031,5.957249919,Intervention,LPG
3M52542,0.1019,0.7243,0.3976,0.2785,0.288,0.1739,0.0369,0.0038,0.2422,0.0082,2.614959893,Control,Biomass
3M52543,0.1793,1.0055,0.847,0.2878,0.6038,0.5778,0.0853,0.0038,0.3455,0.0031,5.928153281,Intervention,LPG
3M52547,0.1213,0.69,0.6145,0.2654,0.4367,0.2031,0.0111,0.0201,0.1635,0.0031,7.717689769,Intervention,LPG
3M52561,0.1182,0.5831,0.2197,0.2703,0.3068,0.0581,0.0369,0.0038,0.1315,0.0031,2.60618486,Intervention,LPG
3M52590,0.1768,0.6209,0.5042,0.3154,0.7174,0.1777,0.0111,0.0038,0.1764,0.023,12.42106387,Control,Biomass
3M52596,0.2287,0.7552,1.2052,0.1496,0.437,1.18,0.053,0.0148,0.2789,0.0064,14.65255992,Control,Biomass
3M52601,0.0793,0.4891,0.1534,0.0701,0.164,0.3863,0.0184,0.0038,0.1087,0.0031,2.601819391,Intervention,LPG
3M52616,0.1786,1.5191,1.7383,0.1101,0.3921,0.4109,0.0785,0.0816,0.8806,0.0031,4.288847915,Intervention,LPG
3M52623,0.1125,0.6651,0.7634,0.2507,1.2921,0.4073,0.0506,0.0188,0.2122,0.0031,15.06607478,Control,Biomass
3M52627,0.229,1.3235,1.8303,0.156,0.2597,0.2036,0.1059,0.0309,0.4843,0.0338,2.554641751,Intervention,LPG
3M52628,0.2413,1.0961,1.457,0.2422,1.4932,0.6361,0.0575,0.0214,0.5391,0.0137,14.7257118,Control,Biomass
3M52630,0.1563,0.8894,1.1321,0.3355,1.926,0.1751,0.0484,0.0068,0.3601,0.034,17.76949698,Control,Biomass
3M52631,0.2434,1.4654,1.8774,0.2,0.3881,0.2394,0.1151,0.0038,0.6176,0.0031,4.566823226,Intervention,LPG
3M52632,0.2632,1.3215,1.8849,0.3572,1.5187,0.4071,0.0548,0.0038,0.5428,0.0031,17.38503788,Control,Biomass
3M52633,0.4367,1.8403,2.8205,0.3185,1.4767,0.9902,0.1132,0.1112,0.8642,0.0031,17.40775713,Intervention,Biomass
3M52634,0.2093,1.1436,1.3851,0.1687,0.3512,0.1768,0.0323,0.0038,0.3821,0.0358,2.597468522,Intervention,LPG
3M52636,0.3043,2.0379,2.7686,0.263,0.8823,0.7199,0.0858,0.0038,0.9701,0.0137,12.6702961,Control,Biomass
3M52640,0.2416,1.2201,1.7227,0.181,0.374,0.2434,0.0858,0.0294,0.4807,0.0119,17.42087649,Control,Biomass
3M52641,0.2188,1.1071,1.3273,0.1852,0.2266,0.2265,0.0161,0.0068,0.3766,0.0031,1.896078048,Intervention,LPG
3M52642,0.2307,1.2731,1.8484,0.2433,1.1615,0.2471,0.0853,0.0294,0.4752,0.0265,17.68764316,Control,Biomass
3M52643,0.3494,1.9275,3.3669,0.3125,1.3483,0.7143,0.1424,0.0469,0.8094,0.0466,13.72020248,Intervention,Biomass
3M52703,0.0977,0.3488,0.0416,0.3651,3.5514,0.2769,0.0111,0.0038,0.0279,0.0031,23.24389223,Control,Biomass
3M52705,0.1821,1.1106,1.4386,0.2515,0.3267,0.2254,0.0875,0.0038,0.5811,0.0155,2.60618486,Intervention,LPG
3M52707,0.0789,0.5125,0.092,0.1182,0.1572,0.0247,0.0111,0.0201,0.0867,0.0119,2.588810294,Intervention,LPG
3M52708,0.1797,0.8138,1.2729,0.1569,0.6041,0.3664,0.0276,0.0038,0.2131,0.0064,5.740168477,Intervention,LPG
3M52710,0.1887,1.0658,2.0599,0.3194,1.9881,0.4666,0.0767,0.0093,0.3967,0.0046,16.60889378,Control,Biomass
3M52711,0.145,0.9626,1.4155,0.2272,0.3713,0.1958,0.0853,0.008,0.5391,0.0031,2.614959893,Intervention,LPG
3M52712,0.1246,0.5886,0.5638,0.1309,0.5663,0.2626,0.0111,0.0038,0.1046,0.0031,6.583459814,Intervention,Biomass
3M52721,0.0689,0.5209,0.1527,0.1275,0.2308,0.1227,0.0184,0.0093,0.1107,0.0031,2.571665855,Intervention,LPG
3M52726,0.2166,0.9809,1.6696,0.2909,0.5809,0.2721,0.0731,0.0214,0.6834,0.0031,2.588810294,Intervention,LPG
3M52728,0.0875,0.4595,0.1594,0.2644,1.4603,0.2685,0.0276,0.0575,0.1315,0.0247,12.73667554,Control,Biomass
3M52730,0.2232,0.6494,1.0534,0.406,3.0656,0.8129,0.0111,0.0201,0.1675,0.01,18.20058192,Intervention,Biomass
3M52731,0.0489,0.1151,0.3808,0.334,1.8712,0.3119,0.0111,0.0522,0.2131,0.0175,12.73667554,Control,Biomass
3M52746,0.1636,0.9438,1.2134,0.202,0.8542,0.2287,0.076,0.0068,0.3766,0.0031,7.406412229,Intervention,Biomass
3M52749,0.1236,0.7038,0.6697,0.1905,0.1569,0.122,0.0184,0.0038,0.2719,0.0031,0.972908539,Intervention,LPG
3M52751,0.0243,0.3192,0.2696,0.0561,0.0159,0.0625,0.0111,0.0038,0.0268,0.0031,2.584502789,Intervention,LPG
3M52752,0.235,1.2791,1.598,0.2493,0.5187,0.2599,0.0714,0.0108,0.4807,0.0137,2.580209595,Intervention,LPG
3M52753,0.2935,1.2599,1.667,0.3094,1.026,0.9623,0.046,0.0937,0.5227,0.0285,18.53106719,Control,Biomass
3M52754,0.2814,1.7682,2.7363,0.256,0.4407,0.5314,0.1351,0.0362,0.8532,0.0031,2.601819391,Intervention,LPG
3M52761,0.181,0.7495,0.8182,0.3576,2.6729,0.3066,0.023,0.0214,0.256,0.0031,14.89359744,Control,Biomass
3M52769,0.2716,1.2599,1.707,0.2736,0.366,0.2274,0.0986,0.0038,0.5464,0.021,4.485695139,Intervention,LPG
3M52770,0.2484,1.2923,1.8979,0.271,0.511,0.2772,0.076,0.0309,0.5062,0.0175,3.123519048,Control,Biomass
3M52771,0.3707,2.1315,3.8339,0.4179,1.4,0.4007,0.1224,0.0294,1.0943,0.0031,13.03031624,Control,Biomass
3M52772,0.3161,1.5359,2.2697,0.3512,0.5577,0.2829,0.0365,0.0294,0.6487,0.0301,5.902912432,Intervention,LPG
3M52773,0.3349,1.5682,2.1928,0.3589,0.6078,0.3877,0.0645,0.0161,0.6688,0.0031,2.614959893,Intervention,LPG
3M52781,0.3768,1.7247,2.6468,0.3262,0.4613,0.3609,0.0877,0.0121,0.6998,0.0031,2.567415168,Intervention,LPG
3M52785,0.3209,1.7616,2.8651,0.374,2.0264,0.5218,0.1114,0.0038,0.7802,0.0648,26.08068574,Control,Biomass
3M52788,0.2117,1.1049,1.3091,0.2394,0.1803,0.1706,0.0506,0.0133,0.4131,0.0031,2.773192288,Intervention,LPG
3M52789,0.2568,1.0304,1.7993,0.4116,0.7417,0.3446,0.0858,0.0038,0.5537,0.0119,14.63925475,Control,Biomass
3M52791,0.4224,1.3829,1.941,0.3795,1.7872,1.0262,0.1041,0.0349,0.6816,0.0374,15.69448955,Control,Biomass
3M52793,0.2623,1.1622,1.7585,0.4001,1.716,0.4847,0.0731,0.0038,0.5957,0.0447,15.78417612,Control,Biomass
3M52796,0.193,1.0888,1.8387,0.5514,3.5057,0.2086,0.0575,0.0201,0.4953,0.0283,13.58888799,Control,Biomass
3M52805,0.2055,1.1882,1.2357,0.2584,0.3371,0.1974,0.0548,0.0161,0.3492,0.0466,2.737298066,Intervention,LPG
3M52807,0.2728,1.3032,1.8745,0.3026,0.3863,0.2414,0.0645,0.0241,0.5282,0.0082,2.610565002,Intervention,LPG
3M52809,0.2807,1.5837,2.1934,0.2763,0.2876,0.3446,0.0805,0.0321,0.7345,0.0411,2.608463199,Intervention,LPG
3M52813,0.0588,0.496,0.2712,0.1903,0.2444,0.2075,0.023,0.0294,0.0917,0.0031,2.631714663,Intervention,LPG
3M52823,0.2862,1.0028,1.049,0.223,1.8329,0.7543,0.0599,0.0455,0.5282,0.0046,8.329430659,Control,Biomass
3M52824,0.1147,0.6383,0.3749,0.2506,2.2566,0.2131,0.0184,0.0321,0.2042,0.0447,13.37814193,Control,Biomass
3M52830,0.1801,2.2383,3.2055,0.1503,0.6889,0.6282,0.168,0.1125,1.14,0.0137,6.790535325,Control,Biomass
3M52832,0.2646,0.7725,1.1522,0.1653,0.5822,0.7269,0.046,0.0281,0.2381,0.0356,6.988580896,Control,Biomass
3M52836,0.2053,1.4179,1.5942,0.1709,0.8636,0.4235,0.0599,0.0321,0.6542,0.0082,7.981056145,Intervention,Biomass
3M52837,0.1149,0.6032,0.2044,0.1286,0.6259,0.156,0.0184,0.0038,0.1225,0.0228,7.380729459,Intervention,Biomass
3M52840,0.17,1.4689,2.3466,0.2277,1.3836,0.5661,0.095,0.051,1.0249,0.0321,9.839453662,Control,Biomass
3M52841,0.2904,1.1747,1.6038,0.3302,2.6255,0.8556,0.0599,0.0415,0.5464,0.0031,17.30151254,Control,Biomass
3M52849,0.1147,0.851,0.412,0.1735,0.2164,0.1751,0.0276,0.0038,0.1903,0.0265,5.14838627,Control,Biomass
3M52851,0.0424,0.3086,0.0088,0.1118,0.1669,0.0453,0.0111,0.0038,0.0055,0.01,1.402610075,Intervention,LPG
3M52869,0.0716,0.4516,0.0367,0.256,0.2686,0.1067,0.0111,0.008,0.0767,0.0119,4.828012787,Control,Biomass
3M52876,0.0767,0.3742,0.1638,0.2297,0.4007,0.1974,0.0111,0.008,0.1306,0.0031,6.195658251,Control,Biomass
3M52899,0.2544,0.6279,0.7256,0.2164,0.5039,0.5373,0.0254,0.0133,0.2549,0.0031,8.16809788,Control,Biomass
3M52905,0.0647,0.4352,0.8691,0.5913,5.3466,0.1689,0.0276,0.0068,0.248,0.0031,13.83898174,Control,Biomass
3M52906,0.0321,0.0878,0.1965,0.2058,0.1845,0.1172,0.0184,0.0038,0.1624,0.0031,2.595982534,Control,Biomass
3M52909,0.0281,0.0513,0.1945,0.2,0.5503,0.1065,0.0111,0.0038,0.1574,0.0031,7.3083276680000004,Intervention,LPG
3M52916,0.114,0.364,0.9719,0.4104,0.4091,0.5939,0.0506,0.0482,0.3706,0.0175,6.170166476,Intervention,LPG
3M52922,0.1428,0.6273,1.3136,0.2405,0.3349,0.2341,0.0369,0.0228,0.4533,0.0031,2.641643157,Intervention,LPG
3M52928,0.3024,0.862,1.6462,0.7197,4.1595,0.7553,0.0853,0.0321,0.53,0.0064,11.47207973,Control,Biomass
3M52929,0.1052,1.3034,1.4864,0.1467,0.3033,0.2232,0.053,0.0309,0.6231,0.0137,2.593132181,Intervention,LPG
3M52933,0.1158,0.6881,0.7196,0.1857,0.4787,0.2836,0.023,0.0038,0.2699,0.0046,9.388142134,Control,Biomass
3M52936,0.0917,0.5795,0.3662,0.1403,0.5057,0.2591,0.0111,0.0133,0.2082,0.0031,12.083154,Control,Biomass
3M52942,0.1357,1.1239,2.0595,0.2765,0.8344,0.4215,0.0506,0.0389,0.6633,0.0064,12.23372261,Control,Biomass
3M52944,0.0066,0.0077,0.0088,0.0033,0.002,0.0075,0.0111,0.0038,0.0055,0.0031,2.590985656,Intervention,LPG
3M52954,0.0457,0.0077,0.0088,0.1574,0.9961,0.1848,0.0161,0.0038,0.0617,0.0031,11.8482826,Control,Biomass
3M52959,0.0928,0.3488,1.2373,0.2707,1.3452,0.4226,0.0438,0.0188,0.2471,0.0285,11.42799254,Intervention,LPG
3M52961,0.1109,0.8825,1.2426,0.181,0.8394,0.3758,0.0668,0.0201,0.5209,0.0031,6.119882631,Control,Biomass
3M52964,0.0793,0.5968,0.5135,0.1545,0.5128,0.1675,0.046,0.0108,0.28,0.0031,6.529868679,Intervention,LPG
3M52965,0.0522,0.4368,0.7294,0.1857,0.9111,0.2122,0.053,0.0133,0.3967,0.0321,6.529868679,Intervention,LPG
3M52966,0.0643,0.4714,0.8963,0.1094,0.2394,0.2195,0.0553,0.0173,0.2789,0.0031,2.025100913,Intervention,LPG
3M52968,0.1085,0.4328,0.2385,0.3722,1.6502,0.3021,0.03,0.0321,0.1255,0.0155,10.24523473,Control,Biomass
3M52980,0.1282,0.6593,0.7511,0.1282,1.0143,0.4169,0.0254,0.0038,0.267,0.0031,10.04948903,Intervention,Biomass
3M52981,0.0519,0.1443,0.1467,0.1527,0.4484,0.0893,0.0111,0.0038,0.1205,0.0031,7.419316068,Intervention,LPG
3M52982,0.1403,1.6548,3.722,0.1309,0.4728,0.4336,0.1918,0.0495,1.3043,0.0064,2.588810294,Intervention,LPG
3M52987,0.0526,0.1854,0.2781,0.195,0.9137,0.1823,0.0206,0.0133,0.2431,0.0119,13.87978791,Control,Biomass
3M52989,0.3046,0.6233,1.4194,0.1963,1.3708,1.4132,0.0645,0.1072,0.5501,0.0046,8.80450741,Control,Biomass
3M52991,0.0546,0.3243,1.1009,0.2097,0.2456,0.3132,0.0575,0.0108,0.4807,0.0155,2.900384239,Intervention,LPG
3M52992,0.0128,0.4719,1.2053,0.097,0.2555,0.24,0.0484,0.0161,0.6323,0.0031,2.871425229,Intervention,LPG
3M52994,0.0276,0.0172,0.3028,0.24,0.2926,0.088,0.0254,0.008,0.2093,0.0046,2.588810294,Intervention,LPG
3M52996,0.1952,1.2786,1.5116,0.0942,0.1538,0.2993,0.0736,0.0254,0.5811,0.0082,2.628233801,Intervention,LPG
3M53000,0.1881,0.7983,0.9473,0.2464,1.9844,0.4891,0.023,0.0294,0.2949,0.0031,19.63028397,Control,Biomass
3M53001,0.0973,0.433,0.3506,0.1748,1.0857,0.122,0.0111,0.0093,0.1156,0.0031,10.29022818,Control,Biomass
3M53013,0.1227,0.5411,0.6695,0.2268,0.3947,0.1229,0.0206,0.0201,0.261,0.0064,5.459739631,Intervention,LPG
3M53019,0.0825,0.1938,0.4096,0.4427,2.0027,0.2794,0.0276,0.0201,0.2082,0.0031,12.96524138,Control,Biomass
3M53022,0.2531,1.9136,3.6929,0.3954,0.5871,0.5612,0.179,0.0562,1.5454,0.0031,5.193982331,Intervention,LPG
3M53029,0.0309,0.0077,0.3861,0.1269,0.1424,0.2329,0.0111,0.0038,0.1545,0.0031,1.681106647,Intervention,LPG
3M53033,0.0787,0.1512,0.4235,0.2789,0.3853,0.0984,0.023,0.0133,0.2171,0.0046,2.668876592,Intervention,LPG
3M53040,0.2118,0.7543,1.9653,0.2805,0.465,0.2736,0.0575,0.0133,0.5775,0.0031,6.327244503,Control,Biomass
3M53049,0.2044,0.8534,1.4238,0.4851,1.8949,0.7818,0.0944,0.0161,0.5099,0.0031,11.40455079,Control,Biomass
3M53050,0.206,0.8773,1.3949,0.362,1.3483,0.4867,0.0276,0.0173,0.5811,0.0031,20.82294872,Control,Biomass
3M53058,0.2078,0.8742,1.6363,0.194,0.3236,0.2675,0.0714,0.0038,0.5683,0.0031,2.268194414,Intervention,LPG
3M53068,0.2915,1.1084,1.8274,0.4049,2.2639,0.7044,0.0621,0.0201,0.4789,0.0031,17.48101443,Control,Biomass
3M53070,0.3386,1.125,1.8551,0.3119,1.0454,0.4171,0.0575,0.0402,0.6615,0.0194,8.416340329,Control,Biomass
3M53071,0.2758,1.2773,2.0489,0.2833,0.757,0.5702,0.0438,0.0173,0.6633,0.0031,10.55631908,Control,Biomass
3M53075,0.2573,0.7164,2.4512,0.4642,1.0894,0.6224,0.0645,0.0148,0.4825,0.0031,10.0707012,Intervention,LPG
3M53076,0.3886,1.1086,2.3862,0.4226,1.9844,0.686,0.076,0.0402,0.7309,0.0031,15.10131335,Control,Biomass
3M53079,0.4803,1.1641,2.41,0.4142,1.4639,2.9498,0.0668,0.0334,0.7583,0.0064,13.81797631,Control,Biomass
3M53105,0.1214,0.2464,0.4741,0.345,0.5945,0.3594,0.0254,0.0374,0.276,0.0031,11.4700933,Control,Biomass
3M53107,0.2082,0.8005,1.712,0.3961,2.0831,0.3138,0.053,0.0038,0.5154,0.0064,18.40324617,Control,Biomass
3M53111,0.3145,1.0729,2.1028,0.5451,2.1232,0.5545,0.0736,0.0294,0.7802,0.0031,18.41388743,Control,Biomass
3M53113,0.2568,1.6491,2.8169,0.3101,0.7502,0.528,0.1151,0.0349,0.8496,0.0137,18.38759788,Control,Biomass
3M53118,0.2392,1.1632,2.1554,0.3415,0.3037,0.309,0.0736,0.0241,0.656,0.0031,1.596680527,Intervention,LPG
3M53119,0.4577,2.6041,4.405,0.532,2.7862,1.2042,0.2849,0.071,2.0476,0.0031,18.99960236,Control,Biomass
3M53122,0.5304,1.6216,4.4284,0.4343,0.7367,1.524,0.1359,0.055,1.0925,0.0632,4.595467606,Control,Biomass
3M53129,0.2997,1.2178,2.7427,0.5919,2.5506,0.6198,0.0875,0.0309,0.8112,0.0285,15.13213172,Control,Biomass
3M53137,0.3669,1.4683,3.5788,0.4896,1.5133,0.481,0.099,0.0214,1.0085,0.0155,11.3776171,Control,Biomass
3M53144,0.3837,1.7273,3.7722,0.391,0.5331,0.5579,0.1359,0.0535,1.2349,0.0082,5.363838611,Intervention,LPG
3M53145,0.4124,1.3571,3.5879,0.4169,1.2061,0.6494,0.092,0.0362,0.8277,0.01,14.47939256,Intervention,Biomass
3M53146,0.1191,0.625,1.2152,0.5033,1.8785,0.5225,0.0345,0.0188,0.3802,0.01,15.39263795,Control,Biomass
3M53155,0.0718,0.4865,0.7099,0.2602,0.2308,0.1342,0.053,0.0173,0.276,0.0046,3.887778562,Control,Biomass
3M53156,0.1174,0.1751,0.1417,0.3417,0.8169,0.2579,0.0323,0.0374,0.3417,0.023,8.347494542,Control,Biomass
3M53159,0.1039,0.2635,0.5291,0.3063,0.9895,0.2378,0.03,0.0148,0.271,0.0046,11.67454515,Control,Biomass
3M53173,0.2442,1.2156,2.7873,0.5397,3.0546,1.4504,0.1083,0.1474,1.1053,0.023,17.40303396,Intervention,Biomass
3M53177,0.0351,0.1346,0.4434,0.1611,0.1214,0.1677,0.0276,0.0228,0.2013,0.0031,3.682373309,Intervention,LPG
3M53178,0.0404,0.0562,0.2208,0.1834,0.3664,0.1803,0.0111,0.0121,0.1854,0.0031,2.614959893,Intervention,Biomass
3M53179,0.2102,0.656,2.2078,0.3709,2.0374,0.6639,0.0805,0.0228,0.5318,0.0155,20.9052151,Control,Biomass
3M53187,0.0499,0.7501,1.482,0.1554,0.2106,0.0955,0.0415,0.0068,0.4423,0.0031,2.00199456,Intervention,LPG
3M53189,0.0886,0.6038,1.5976,0.2862,0.3138,0.183,0.0484,0.008,0.3748,0.0064,2.557331195,Intervention,LPG
3M53190,0.1598,0.8074,1.1599,0.2767,0.4741,0.2829,0.0254,0.0201,0.3117,0.0046,2.682704968,Control,Biomass
3M53194,0.1134,0.5966,0.7911,0.2562,1.2331,0.2075,0.0276,0.0108,0.2111,0.0031,13.39747784,Control,Biomass
3M53196,0.0787,0.8153,1.1219,0.2743,0.4043,0.3886,0.0391,0.0173,0.3674,0.0267,2.293588753,Intervention,LPG
3M53199,0.1404,1.0392,2.4669,0.2708,0.2884,0.3987,0.1335,0.0804,0.8423,0.01,3.682373309,Intervention,LPG
3M53203,0.1048,0.6478,1.3295,0.3107,0.379,0.4102,0.0415,0.0161,0.3169,0.0119,6.12517992,Intervention,LPG
3M53208,0.1978,0.6743,1.8119,0.3919,1.6977,0.5789,0.069,0.0281,0.4953,0.0031,13.59372155,Control,Biomass
3M53209,0.0825,0.3043,1.2724,0.2239,0.2862,0.5382,0.0621,0.0763,0.561,0.0413,2.632688434,Control,Biomass
3M53210,0.1081,0.1925,0.6467,0.3055,0.5119,0.1731,0.0415,0.0038,0.2531,0.0175,5.266034481,Intervention,LPG
3M53213,0.1059,0.4348,0.9382,0.2155,0.3821,0.3002,0.0506,0.0241,0.3711,0.0031,2.575930641,Intervention,LPG
3M53217,0.1379,0.5844,0.5382,0.3598,1.1016,0.2104,0.03,0.008,0.2959,0.0031,18.05722525,Control,Biomass
3M53224,0.3159,1.2035,2.9252,0.3096,1.2305,0.7563,0.0714,0.0374,0.5245,0.0031,9.239886255,Control,Biomass
3M53226,0.1187,0.4675,0.1686,0.2453,0.2082,0.122,0.0206,0.0038,0.1096,0.0031,5.948405638,Control,Biomass
3M53231,0.0889,0.4513,0.2608,0.2411,0.3961,0.134,0.0161,0.0038,0.1892,0.0155,6.395070677,Intervention,LPG
3M53234,0.0846,0.9961,0.8036,0.2745,0.6664,0.0951,0.053,0.0133,0.4241,0.0031,4.272256986,Intervention,LPG
3M53237,0.1227,0.7709,0.5196,0.2714,1.0021,0.1642,0.023,0.0201,0.2093,0.0031,11.99074699,Intervention,LPG
3M53247,0.149,0.9301,1.0702,0.2654,0.3304,0.1803,0.0599,0.0254,0.3748,0.0064,3.558997325,Intervention,LPG
3M53250,0.1114,0.6536,0.5232,0.2964,0.5046,0.4063,0.0438,0.0093,0.1912,0.0119,12.79854199,Intervention,Biomass
3M53252,0.1032,1.1816,1.2769,0.3191,1.32,0.2394,0.0603,0.008,0.4515,0.0429,15.20696851,Control,Biomass
3M53253,0.0599,0.4478,0.0088,0.385,0.6109,0.1704,0.0111,0.0068,0.1017,0.0082,9.991338964,Control,Biomass
3M53256,0.1388,0.8627,0.9371,0.3072,0.2597,0.297,0.0575,0.0201,0.3163,0.0031,2.646143401,Intervention,LPG
3M53261,0.0997,0.5009,0.2608,0.5203,4.8973,0.2564,0.0161,0.0389,0.1156,0.0031,6.086405097,Control,Biomass
3M53270,0.219,0.8494,0.7796,0.4381,2.9505,0.3004,0.0457,0.0294,0.3163,0.0119,14.25604532,Control,Biomass
3M53276,0.1781,0.8574,0.9427,0.2073,0.1529,0.1635,0.0391,0.0173,0.2601,0.0031,2.536553319,Intervention,LPG
3M53277,0.1023,0.6423,0.4073,0.2475,0.8434,0.1488,0.0111,0.0038,0.1782,0.0082,5.778472921,Intervention,LPG
3M53278,0.1401,1.1493,0.9203,0.2051,0.4796,0.3799,0.076,0.0038,0.4387,0.0301,6.223138709,Control,Biomass
3M53279,0.1121,0.7858,0.6881,0.5055,1.842,0.248,0.0668,0.0362,0.3236,0.0265,12.95521573,Control,Biomass
3M53281,0.1673,1.0313,1.0034,0.2971,0.4564,0.1684,0.0584,0.0241,0.3583,0.0137,3.842016719,Intervention,LPG
3M53289,0.2593,1.0256,1.1785,0.4557,2.704,0.4275,0.0621,0.0214,0.4752,0.0265,14.03580758,Control,Biomass
3M53290,0.099,0.4476,1.2143,0.2584,0.2849,0.3191,0.0506,0.0309,0.4533,0.0031,2.646143401,Intervention,LPG
3M53292,0.1974,1.0459,1.3538,0.6058,3.3267,0.3554,0.0345,0.0535,0.5391,0.0031,12.24162767,Control,Biomass
3M53293,0.215,1.1255,1.6035,0.6768,3.9806,0.5031,0.0714,0.0603,0.6633,0.0031,12.24162767,Control,Biomass
3M53294,0.1645,1.0919,1.0483,0.2906,0.2462,0.1872,0.0369,0.0188,0.4204,0.0321,2.685701457,Intervention,LPG
3M53300,0.1202,0.7046,0.5901,0.3956,1.999,0.179,0.0206,0.0161,0.3401,0.0575,14.103186000000001,Control,Biomass
3M53302,0.0637,0.488,0.0506,0.1426,0.2385,0.0836,0.0438,0.0038,0.0559,0.063,2.619369606,Intervention,LPG
3M53312,0.1737,0.8147,0.8804,0.265,0.5331,0.3291,0.0575,0.0228,0.4149,0.0031,7.366462647,Control,Biomass
3M53316,0.0873,0.5669,0.6374,0.4126,0.8962,0.3284,0.046,0.0268,0.3138,0.0155,4.346811879,Control,Biomass
3M53317,0.0763,0.4761,0.1342,0.1202,0.5983,0.1163,0.03,0.008,0.1355,0.0119,9.229028268,Control,Biomass
3M53320,0.1998,0.8216,1.3149,0.391,1.5242,0.6688,0.0506,0.0321,0.2652,0.0031,11.59708586,Control,Biomass
3M53321,0.1006,0.4849,0.1717,0.3043,3.3523,0.1611,0.0111,0.0173,0.1326,0.0031,14.35413217,Control,Biomass
3M53322,0.0873,0.8428,0.6553,0.1498,0.7305,0.1996,0.0345,0.0038,0.2381,0.0119,8.604697128,Intervention,LPG
3M53325,0.1045,0.7778,0.6385,0.223,1.0357,0.2465,0.0276,0.008,0.2469,0.0173,12.57563053,Control,Biomass
3M53333,0.1496,0.8622,1.3178,0.2644,1.3286,0.3114,0.0548,0.0068,0.2579,0.0031,11.49195838,Control,Biomass
3M53338,0.1656,1.2797,1.7043,0.7064,4.3184,0.5932,0.0968,0.0495,0.7455,0.0031,16.15176037,Intervention,Biomass
3M53340,0.0877,0.7358,1.0567,0.3265,1.215,0.4242,0.0553,0.0201,0.3127,0.0338,17.23776472,Control,Biomass
3M53341,0.0891,0.4526,0.2798,0.1572,0.2845,0.1576,0.0111,0.0038,0.1026,0.0031,3.651754288,Control,Biomass
3M53342,0.0499,0.4166,0.0727,0.0716,0.1456,0.063,0.0111,0.0038,0.0778,0.021,1.325949704,Intervention,LPG
3M53343,0.0586,0.4836,0.0785,0.112,0.7055,0.2343,0.0111,0.0038,0.1266,0.01,2.588810294,Intervention,LPG
3M53346,0.0482,0.3189,0.0088,0.0897,0.2745,0.0566,0.0111,0.0201,0.0279,0.0137,53.48116984,Control,Biomass
3M53347,0.1098,0.5313,0.3631,0.1213,0.6182,0.2316,0.0254,0.0173,0.1474,0.0046,9.815306174,Control,Biomass
3M53349,0.0524,0.5019,0.0373,0.1361,0.1074,0.0416,0.0111,0.0148,0.0977,0.0031,2.595343824,Intervention,LPG
3M53350,0.0542,0.3559,0.0088,0.1496,0.1083,0.1045,0.0323,0.0038,0.0588,0.0031,2.668876592,Intervention,LPG
3M53351,0.0703,0.5276,0.3695,0.1477,0.183,0.1156,0.0111,0.0161,0.0847,0.0031,2.646143401,Control,Biomass
3M53354,0.0603,0.4158,0.0689,0.3293,1.5553,0.1817,0.0111,0.0068,0.0816,0.0466,19.94609308,Control,Biomass
3M53355,0.1514,1.4523,1.6891,0.1034,0.4001,0.4471,0.095,0.0871,1.0066,0.0137,2.666671055,Intervention,LPG
3M53358,0.0891,0.4442,0.0385,0.1129,0.6891,0.3799,0.023,0.0161,0.0917,0.0031,13.59360362,Control,Biomass
3M53368,0.0793,0.3698,0.3598,0.1322,0.2385,0.2223,0.0111,0.0093,0.25,0.0031,2.60618486,Control,Biomass
3M53378,0.1225,0.3351,0.0088,0.1644,0.5868,0.9809,0.0111,0.0148,0.0637,0.0031,12.37823649,Control,Biomass
3M53385,0.2407,0.8087,0.9743,0.2427,0.784,0.5727,0.0369,0.0201,0.3178,0.0031,12.10844671,Control,Biomass
3M53392,0.2274,0.6138,1.5432,0.2968,0.8976,0.4292,0.0415,0.0148,0.4898,0.0031,8.541388686,Control,Biomass
3M53393,0.1755,0.8288,1.6542,0.3543,1.3012,0.4973,0.0875,0.0241,0.6688,0.0175,13.25368982,Control,Biomass
3M53395,0.2197,0.7904,1.6435,0.3771,1.2651,0.4242,0.0553,0.0254,0.6085,0.0031,10.01018052,Control,Biomass
3M53398,0.0648,0.0433,0.0511,0.318,1.568,0.4538,0.0111,0.0038,0.0657,0.01,14.86528741,Control,Biomass
3M53402,0.053900000000000003,0.0077,0.1565,0.2469,0.2507,0.1127,0.0111,0.0068,0.0827,0.01,14.37783366,Intervention,LPG
3M53405,0.0546,0.4796,0.646,0.1992,0.2953,0.2834,0.0575,0.0201,0.3875,0.0031,2.214809456,Intervention,LPG
3M53407,0.0617,0.0579,0.0849,0.8273,8.8951,0.1172,0.0111,0.0038,0.0977,0.023,13.42420832,Control,Biomass
3M53421,0.0964,0.7548,0.6242,0.2177,0.5899,0.1631,0.0206,0.0108,0.284,0.0155,7.170049079,Control,Biomass
3M53422,0.1304,0.6485,0.5033,0.2995,1.163,0.45,0.0369,0.0038,0.3198,0.0082,15.53289974,Intervention,Biomass
3M53431,0.2276,0.8344,1.1336,0.3601,0.8695,0.3494,0.0438,0.0108,0.4131,0.0031,11.99671342,Control,Biomass
3M53435,0.1635,0.5954,0.5156,0.2438,0.217,0.1439,0.0345,0.0038,0.2361,0.0031,2.373902547,Control,Biomass
3M53438,0.1043,0.3457,0.5913,0.1441,0.1514,0.2588,0.0206,0.0068,0.2391,0.0064,0.961553445,Intervention,LPG
3M53440,0.2601,0.8733,2.4534,0.3673,0.5669,0.397,0.076,0.0038,0.6158,0.0031,4.746212733,Intervention,LPG
3M53444,0.2557,0.5923,1.9857,0.4292,1.0227,0.385,0.0575,0.0349,0.4789,0.01,14.48486557,Intervention,Biomass
3M53448,0.3497,0.6458,1.6272,0.7126,4.4828,1.2168,0.0805,0.0228,0.6012,0.0064,14.58846415,Control,Biomass
3M53455,0.057,0.1817,0.194,0.381,0.4951,0.0857,0.0161,0.0038,0.1684,0.0303,9.96160821,Intervention,LPG
3M53457,0.0946,0.7687,0.614,0.1353,0.0993,0.1689,0.0276,0.0254,0.3417,0.0031,2.619369606,Intervention,LPG
3M53464,0.1982,0.8025,1.013,0.5194,1.8201,0.1773,0.0184,0.0068,0.2944,0.0192,14.25457288,Control,Biomass
3M53465,0.1021,0.5285,0.3278,0.3282,0.1934,0.1043,0.0111,0.0038,0.1384,0.0247,2.777204893,Intervention,LPG
3M53467,0.1348,0.8032,0.6481,0.2999,0.2254,0.1313,0.0184,0.0038,0.2292,0.0031,2.600051801,Intervention,LPG
3M53472,0.0995,0.805,0.7605,0.1682,0.6215,0.1724,0.0345,0.0228,0.2252,0.053900000000000003,10.14628665,Intervention,LPG
3M53482,0.2371,1.1838,1.4935,0.3919,0.557,0.6089,0.0676,0.0281,0.6158,0.0173,5.494832562,Control,Biomass
3M53487,0.0506,0.4582,0.2069,0.2022,0.1629,0.1147,0.0111,0.008,0.0986,0.0031,3.440522208,Intervention,LPG
3M53492,0.1214,0.8857,0.6951,0.1709,0.2272,0.4191,0.0111,0.008,0.3912,0.0265,4.043726238,Intervention,LPG
3M53502,0.1446,1.548,2.3941,0.1627,0.3307,0.3138,0.10780000000000001,0.1045,0.8879,0.0082,4.267722332,Intervention,LPG
3M53504,0.0716,0.4546,0.0435,0.301,1.4,0.154,0.0111,0.0161,0.0758,0.0338,13.25925246,Control,Biomass
3M53519,0.2745,0.8998,1.0729,0.4568,1.7507,0.8109,0.0599,0.0161,0.3309,0.0155,14.29751953,Control,Biomass
3M53521,0.1036,0.5296,0.2411,0.4031,0.8474,0.145,0.023,0.0214,0.1465,0.0137,14.13509895,Control,Biomass
3M53523,0.1339,1.2727,1.2866,0.4348,0.6889,0.2137,0.10780000000000001,0.0121,0.4953,0.0046,19.69915168,Control,Biomass
3M53524,0.1156,0.7597,0.6649,0.4191,0.7168,0.2182,0.0553,0.0188,0.2699,0.0192,4.516990744,Control,Biomass
3M53527,0.0676,0.1163,0.2856,0.3477,0.9204,0.2266,0.0369,0.0201,0.263,0.0031,14.13509895,Control,Biomass
3M53528,0.1801,0.671,0.6107,0.4268,1.3398,0.4628,0.046,0.0254,0.2798,0.0394,11.49302048,Control,Biomass
3M53530,0.1028,0.6675,0.5148,0.3989,0.4195,0.1079,0.0111,0.0148,0.2281,0.0031,7.297728138,Intervention,LPG
3M53534,0.1563,0.4675,0.1715,0.2873,1.2663,0.2663,0.0254,0.0038,0.1145,0.0031,12.91657718,Control,Biomass
3M53540,0.1373,0.629,0.2575,0.2898,1.7781,0.3375,0.0645,0.0148,0.1744,0.0031,19.58279101,Control,Biomass
3M53543,0.1507,1.766,2.5157,0.3527,1.1118,0.4301,0.0822,0.0402,0.6944,0.0031,12.69059321,Control,Biomass
3M53552,0.0811,0.5819,0.1421,0.162,0.3857,0.1244,0.0111,0.0121,0.1236,0.0265,3.077270257,Intervention,LPG
3M53573,0.1861,1.6983,2.3068,0.2639,0.5294,0.4135,0.1242,0.0683,0.86240000000000006,0.0046,6.395067116,Control,Biomass
3M53610,0.0647,0.4281,0.0732,0.1224,0.2745,0.0877,0.0184,0.0038,0.0857,0.0064,2.60618486,Control,Biomass
3M53611,0.0749,0.5866,1.1737,0.1081,0.3001,0.0835,0.0111,0.0161,0.1693,0.0031,2.650659004,Intervention,LPG
3M53616,0.0493,0.4153,0.0201,0.0997,0.3771,0.1123,0.0254,0.0038,0.0707,0.0064,7.198069706,Intervention,LPG
3M53619,0.0674,0.4894,0.4308,0.1034,0.1952,0.177,0.0111,0.0068,0.0657,0.0119,2.655190045,Intervention,LPG
3M53624,0.1255,0.6796,0.4684,0.2213,0.5786,0.5011,0.0345,0.0188,0.233,0.0247,8.750107769,Control,Biomass
3M53628,0.1631,0.5786,0.2056,0.1691,0.7592,0.5391,0.0345,0.0108,0.2002,0.0031,15.39420619,Control,Biomass
3M53629,0.1037,0.4067,0.2305,0.3872,3.2336,0.391,0.03,0.0108,0.0836,0.0031,9.028981099,Control,Biomass
3M53632,0.2732,0.9414,0.9173,0.3457,2.2858,0.6118,0.0438,0.051,0.5026,0.01,12.21833372,Control,Biomass
3M53638,0.0427,0.416,0.0088,0.0741,0.1704,0.0234,0.0111,0.0038,0.025,0.0031,2.593132181,Intervention,LPG
3M53639,0.1499,0.8218,0.5563,0.122,0.4551,0.73,0.0184,0.0038,0.267,0.0119,25.50863047,Intervention,LPG
3M53650,0.2498,2.1567,4.2275,0.1972,1.1646,0.6346,0.0785,0.0374,0.7619,0.0155,16.08719883,Control,Biomass
3M53653,0.0561,0.4065,0.0088,0.1335,0.6953,0.0411,0.0111,0.0068,0.0877,0.0031,9.404356921,Intervention,LPG
3M53659,0.0477,0.309,0.0588,0.2988,1.5023,0.1656,0.0111,0.0241,0.3547,0.0031,16.22127701,Control,Biomass
3M53660,0.097,0.3959,0.0555,0.221,0.9566,0.3497,0.0111,0.0281,0.0857,0.021,14.42173471,Control,Biomass
3M53661,0.0542,0.6348,0.248,0.1012,0.1916,0.0519,0.0111,0.0038,0.1295,0.0046,0.945600716,Intervention,LPG
3M53662,0.1182,1.0344,1.3732,0.2436,0.4195,0.2601,0.0369,0.0214,0.3601,0.0031,6.093692129,Intervention,LPG
3M53664,0.0948,1.1044,0.99,0.2155,0.2812,0.3618,0.0438,0.0108,0.4277,0.0137,2.678032999,Intervention,LPG
3M53674,0.1014,0.4761,0.1103,0.2789,1.6064,0.1474,0.0111,0.0038,0.0847,0.0137,12.8138058,Control,Biomass
3M53675,0.0667,0.5083,0.063,0.1812,0.3857,0.0886,0.0111,0.008,0.1127,0.0046,4.210227534,Intervention,LPG
3M53676,0.0674,0.4763,0.093,0.2409,1.0395,0.027,0.0111,0.0038,0.1107,0.0192,4.809260168,Intervention,LPG
3M53686,0.0625,0.4982,0.0088,0.4221,0.3439,0.0681,0.0111,0.0038,0.0508,0.01,2.597468522,Intervention,LPG
3M53697,0.0619,0.4936,0.1326,0.3693,0.3019,0.2266,0.0369,0.0108,0.1315,0.0137,17.33336897,Intervention,LPG
3M53698,0.1213,0.7822,0.654,0.5287,1.4128,0.3952,0.0575,0.0294,0.3437,0.0031,20.43732122,Control,Biomass
3M53699,0.0577,0.4144,0.0146,0.4904,0.1697,0.1037,0.0111,0.0038,0.0469,0.0031,2.828821533,Intervention,LPG
3M53702,0.0935,0.5356,0.2436,0.4988,0.6611,0.5961,0.03,0.0214,0.1185,0.0265,12.14157194,Control,Biomass
3M53703,0.0805,0.698,0.328,0.4604,0.5782,0.1571,0.0391,0.0254,0.2042,0.0502,8.412885493,Intervention,LPG
3M53714,0.1843,0.6699,0.5103,0.4975,1.1111,0.5335,0.0161,0.0161,0.1823,0.0031,18.26738384,Control,Biomass
3M53716,0.1019,0.0836,0.2889,0.4812,1.051,0.469,0.03,0.0161,0.1494,0.0031,18.26738384,Control,Biomass
3M53722,0.0962,0.4038,0.1253,0.4805,1.6027,0.3806,0.0111,0.0254,0.0758,0.0194,10.37948444,Control,Biomass
3M53728,0.0342,0.3194,0.0088,0.3417,0.4975,0.0256,0.0111,0.0038,0.0469,0.0031,4.643352031,Control,Biomass
3M53742,0.0891,0.7049,0.6849,0.2307,0.1737,0.2513,0.0599,0.0522,0.2659,0.0031,2.655190045,Intervention,LPG
3M53757,0.052,0.3945,0.0088,0.3959,2.2328,0.0615,0.0111,0.008,0.0758,0.0031,19.28023835,Control,Biomass
3M53765,0.0526,0.4053,0.0088,0.1456,0.4642,0.1085,0.0391,0.0038,0.0798,0.0031,2.623794217,Intervention,LPG
3M53775,0.0416,0.5196,0.1275,0.1689,0.1317,0.0422,0.0345,0.008,0.0897,0.0031,2.659736603,Intervention,LPG
3M53779,0.0705,0.49,0.2391,0.1965,0.1952,0.1006,0.0111,0.0038,0.0847,0.0031,28.16715618,Intervention,LPG
3M53790,0.1585,0.934,1.2284,0.3154,1.1732,0.43120000000000003,0.0111,0.0108,0.3163,0.0667,22.82745391,Control,Biomass
3M53795,0.0464,0.4701,0.1541,0.1642,0.1154,0.1766,0.0599,0.0148,0.1196,0.0031,2.608805049,Intervention,LPG
3M53796,0.015,0.1912,0.4255,0.1762,0.135,0.2429,0.0415,0.0108,0.2411,0.0046,2.608805049,Intervention,LPG
3M53797,0.0575,0.4611,0.4347,0.3459,1.1803,0.1271,0.0184,0.0068,0.0977,0.0031,11.69771325,Control,Biomass
3M53798,0.0458,0.4323,0.0258,0.1381,0.1037,0.053,0.0206,0.008,0.0847,0.01,2.563178509,Intervention,LPG
3M53800,0.1739,0.69,0.5139,0.2984,2.4118,0.3231,0.0237,0.0241,0.3419,0.0247,7.967774303,Control,Biomass
3M53802,0.0462,0.5,0.0478,0.1857,0.0696,0.065,0.0111,0.0038,0.0648,0.0031,0.945388664,Intervention,LPG
3M53807,0.082,0.5857,0.3607,0.5488,1.0024,0.2047,0.0484,0.0068,0.1205,0.0031,15.42068876,Intervention,LPG
3M53808,0.0765,0.3267,0.0088,0.2728,0.98,0.1591,0.0111,0.0038,0.034,0.0031,10.9771501,Control,Biomass
3M53810,0.082,0.4474,0.1231,0.3665,0.7866,0.2613,0.0111,0.0093,0.0689,0.0031,8.964233575,Control,Biomass
3M53811,0.065,0.4681,0.1056,0.1994,1.2705,0.2124,0.0668,0.0108,0.1026,0.0173,11.13314849,Control,Biomass
3M53813,0.0447,0.3234,0.0088,0.2904,0.3894,0.0488,0.0111,0.0038,0.0519,0.0031,7.901054459,Control,Biomass
3M53816,0.4416,0.6819,0.6255,0.343,0.4557,0.5565,0.0206,0.0038,0.2082,0.0031,10.48060393,Intervention,LPG
3M53817,0.0776,0.4107,0.3117,0.2447,0.2498,0.162,0.0345,0.0038,0.0608,0.0192,2.659736603,Control,Biomass
3M53819,0.1056,1.1639,1.762,0.1914,0.2668,0.2964,0.023,0.0495,0.5702,0.0031,2.717850224,Intervention,LPG
3M53821,0.0882,0.5004,0.1938,0.3779,0.3875,0.1443,0.0323,0.0038,0.1465,0.0173,7.666690341,Control,Biomass
3M53829,0.0727,0.8045,0.4347,0.3393,0.5024,0.0902,0.053,0.0038,0.3035,0.0228,5.537266309,Control,Biomass
3M53831,0.3284,1.0112,1.1661,0.57,1.8858,0.8609,0.0457,0.0455,0.362,0.0031,7.993576871,Control,Biomass
3M53845,0.0579,0.3954,0.0373,0.2447,0.6688,0.0866,0.03,0.0201,0.0707,0.0031,7.948532652,Control,Biomass
3M53849,0.0891,0.357,0.166,0.3298,1.9223,0.1855,0.0161,0.0038,0.1176,0.0046,16.24794443,Control,Biomass
3M53854,0.1519,0.5888,0.3662,0.2133,0.5862,0.349,0.0369,0.0121,0.1346,0.0119,9.242475488,Control,Biomass
3M53855,0.2016,0.5952,0.4761,0.4511,3.5623,0.5311,0.0206,0.0281,0.2962,0.0283,9.54055968,Control,Biomass
3M53856,0.0586,0.5287,0.1715,0.1403,0.0915,0.0422,0.0111,0.0121,0.1196,0.0374,2.597468522,Intervention,LPG
3M53861,0.0701,0.5143,0.1015,0.1916,0.5178,0.1308,0.0276,0.0038,0.1295,0.0285,9.424736705,Intervention,LPG
3M53866,0.1171,0.7491,0.7619,0.2416,1.4767,0.166,0.0391,0.0148,0.3748,0.0031,13.29998219,Intervention,Biomass
3M53869,0.1238,0.6704,0.4997,0.2224,0.3578,0.2055,0.023,0.0241,0.2272,0.0064,4.578596951,Intervention,LPG
3M53872,0.1293,1.2959,1.8024,0.3052,1.056,0.2986,0.10780000000000001,0.0268,0.6377,0.0031,10.59115788,Control,Biomass
3M53877,0.4653,0.3355,0.0088,0.1813,1.4347,0.8755,0.0111,0.0038,0.0877,0.0031,14.98026998,Intervention,Biomass
3M53881,0.0495,0.4672,0.0088,0.0528,0.2674,0.0699,0.0111,0.008,0.0787,0.0031,3.687078522,Intervention,LPG
3M53882,0.0588,0.4796,0.187,0.053,0.2844,0.2066,0.0111,0.0038,0.1315,0.0247,3.515514343,Intervention,LPG
3M53883,0.0758,0.4564,0.1918,0.0583,0.2376,0.1087,0.0111,0.0038,0.1116,0.0137,1.725181533,Control,Biomass
3M53884,0.0831,0.3682,0.0758,0.3839,1.8694,0.2115,0.0206,0.0241,0.0957,0.0173,11.86354072,Control,Biomass
3M53891,0.0941,0.4,0.1645,0.1766,1.1864,0.3043,0.0345,0.0133,0.1603,0.0303,10.23047385,Control,Biomass
3M53895,0.0993,0.4558,0.3691,0.3366,2.0867,0.3775,0.0323,0.008,0.0329,0.0393,14.45819731,Control,Biomass
3M53905,0.0842,0.561,0.278,0.4292,0.7101,0.1744,0.0161,0.0294,0.1364,0.0064,9.654658601,Control,Biomass
3M53907,0.042,0.3934,0.0088,0.0221,0.0309,0.0239,0.0111,0.0038,0.0179,0.0031,2.682704968,Intervention,LPG
3M53909,0.0362,0.3696,0.0088,0.0931,0.0723,0.0219,0.0111,0.0161,0.019,0.0031,2.623794217,Intervention,LPG
3M53913,0.1379,0.5656,0.4005,0.4869,0.8331,0.4093,0.023,0.0188,0.1485,0.0356,11.17869768,Control,Biomass
3M53921,0.0636,0.6308,0.4146,0.1505,0.4127,0.2223,0.0111,0.0093,0.2013,0.0082,6.824171674,Control,Biomass
3M53926,0.0586,0.4462,0.071,0.2398,0.4069,0.0714,0.0161,0.0228,0.1087,0.0212,4.70317754,Intervention,LPG
3M53927,0.061,0.4699,0.2075,0.3534,0.1899,0.0888,0.0323,0.0228,0.0897,0.0031,2.628233801,Intervention,LPG
3M53928,0.0889,0.3998,0.3689,0.4794,2.4264,0.2321,0.046,0.0038,0.0778,0.0356,22.83061551,Control,Biomass
3M53929,0.0793,0.4873,0.2498,0.1454,0.3019,0.174,0.0254,0.0038,0.0698,0.0031,2.563178509,Intervention,LPG
3M53931,0.0468,0.3647,0.0088,0.0984,0.1138,0.0771,0.0184,0.0188,0.0597,0.0031,0.948674777,Intervention,LPG
3M53936,0.1485,0.755,1.3575,0.6317,3.8673,0.4812,0.0323,0.0173,0.2131,0.0265,15.43089626,Control,Biomass
3M53938,0.0652,0.542,0.3603,0.3046,0.2902,0.1172,0.0391,0.0093,0.1067,0.0155,5.447856046,Intervention,LPG
3M53940,0.0935,0.5572,0.5557,0.2285,0.2093,0.1631,0.0276,0.0133,0.0997,0.0247,2.379704575,Intervention,LPG
3M53941,0.0785,0.7422,0.5941,0.149,0.2051,0.4264,0.0276,0.0188,0.2549,0.0031,2.066144752,Intervention,LPG
3M53951,0.0475,0.4746,0.0166,0.1092,0.1543,0.1784,0.0111,0.0038,0.0668,0.0031,2.891858038,Intervention,LPG
3M53957,0.0468,0.3565,0.0088,0.1839,0.8611,0.1165,0.046,0.0068,0.0478,0.0031,28.66083726,Control,Biomass
3M53958,0.053,0.5263,0.385,0.1264,0.1357,0.1006,0.0111,0.0038,0.1056,0.0247,1.719333379,Intervention,LPG
3M53965,0.0577,0.4487,0.069,0.1912,1.302,0.1101,0.0111,0.0038,0.1036,0.0031,8.17636072,Control,Biomass
3M53967,0.0241,0.0077,0.0088,0.1815,0.5835,0.135,0.0111,0.0068,0.0966,0.0082,8.17636072,Control,Biomass
3M53978,0.1724,1.2837,2.332,0.2345,0.9944,0.542,0.0575,0.0281,0.4295,0.0031,14.10023162,Control,Biomass
3M53981,0.0835,0.6461,0.5556,0.1614,0.1543,0.1481,0.0111,0.0201,0.2013,0.0031,1.83270221,Intervention,LPG
3M53983,0.0541,0.3826,0.0088,0.1841,0.3835,0.0659,0.0184,0.0038,0.0309,0.0031,4.833324053,Intervention,LPG
3M53991,0.0665,0.5004,0.1147,0.1992,0.5601,0.0944,0.0276,0.0038,0.1246,0.032,5.735673274,Intervention,LPG
3M53993,0.042,0.3713,0.1373,0.1879,0.2151,0.0537,0.0111,0.0038,0.034,0.0192,4.307784779,Intervention,LPG
3M53997,0.0566,0.3267,0.0088,0.2818,1.0196,0.0972,0.0111,0.0038,0.0798,0.0031,12.23388214,Control,Biomass
3M54012,0.0464,0.376,0.1503,0.1446,0.8043,0.1616,0.0254,0.0038,0.1107,0.0031,10.893015,Control,Biomass
3M54018,0.0367,0.2818,0.0088,0.1191,0.5048,0.0469,0.0111,0.0038,0.025,0.021,8.452360096,Control,Biomass
3M54019,0.0506,0.2495,0.0088,0.2878,0.5616,0.0816,0.0111,0.0188,0.0389,0.0064,10.18734176,Intervention,LPG
3M54026,0.1141,0.6337,0.456,0.3174,1.442,0.7418,0.0694,0.0108,0.2511,0.0031,14.24622397,Control,Biomass
3M54029,0.099,0.4208,0.2597,0.5901,6.121,0.2875,0.0276,0.0374,0.1505,0.0031,11.23938461,Control,Biomass
3M54030,0.0842,0.4208,0.0088,0.2593,1.568,0.1739,0.0111,0.008,0.1067,0.0484,17.45501259,Control,Biomass
3M54043,0.0665,0.4337,0.0088,0.1627,0.3758,0.1227,0.0161,0.0038,0.0349,0.0031,9.393591041,Control,Biomass
3M54049,0.0575,0.4913,0.0088,0.1806,0.3209,0.0362,0.0323,0.0038,0.1036,0.0031,5.96137891,Intervention,LPG
3M54051,0.0721,0.9515,0.85,0.2221,0.6034,0.2429,0.0415,0.0201,0.3145,0.0031,7.366128563,Intervention,LPG
3M54054,0.1267,0.5106,0.5329,0.4756,3.9258,0.4056,0.0323,0.0038,0.1145,0.0192,12.40906404,Control,Biomass
3M54061,0.0699,0.8887,0.7681,0.1417,0.1627,0.1045,0.0323,0.0038,0.2192,0.0484,2.653079309,Intervention,LPG
3M54090,0.2498,0.4878,0.1118,0.4915,3.7377,0.528,0.0276,0.0133,0.1315,0.0046,11.68195835,Control,Biomass
3M54098,0.0833,0.7154,0.4915,0.1403,0.2296,0.1483,0.023,0.0121,0.2659,0.0155,2.720291027,Intervention,LPG
3M54107,0.0815,0.5024,0.0088,0.0931,0.4602,0.1269,0.0111,0.0038,0.0798,0.0356,6.492375283,Control,Biomass
3M54108,0.0573,0.3824,0.1025,0.1107,0.2016,0.0973,0.0184,0.0254,0.1056,0.0031,3.491504164,Intervention,LPG
3M54111,0.0625,0.3223,0.0088,0.1213,0.2259,0.0668,0.0111,0.0133,0.0289,0.0031,2.588810294,Control,Biomass
3M54114,0.0531,0.3494,0.1282,0.1107,0.2115,0.1485,0.0184,0.0038,0.1346,0.0137,3.491504164,Intervention,LPG
3M54121,0.0573,0.3881,0.0088,0.5554,2.43,0.029,0.0111,0.0038,0.0568,0.0265,11.60742963,Control,Biomass
3M54133,0.082,0.452,0.151,0.1235,0.1609,0.1698,0.0111,0.008,0.0449,0.0376,2.655190045,Intervention,LPG
3M54138,0.1246,0.6951,0.9438,0.1474,0.3884,0.2246,0.0369,0.0068,0.1764,0.0031,2.584502789,Control,Biomass
3M54162,0.1101,0.3852,0.0774,0.532,0.3457,0.3169,0.0111,0.0362,0.0678,0.0031,2.583801118,Control,Biomass
3M54165,0.0889,0.5388,0.177,0.303,0.2586,0.1691,0.0111,0.0038,0.1474,0.01,2.630983851,Control,Biomass
3M54166,0.0875,0.4725,0.263,0.5618,1.0992,0.3262,0.0345,0.0309,0.235,0.0031,17.65103679,Control,Biomass
3M54169,0.0418,0.3998,0.0088,0.196,0.0394,0.0374,0.0111,0.0038,0.0055,0.0031,0.964649553,Intervention,LPG
3M54171,0.0694,0.4494,0.2831,0.6472,2.4611,0.1677,0.0111,0.0161,0.1165,0.0031,17.77544385,Control,Biomass
3M54178,0.1003,0.5512,0.2648,0.3926,0.7143,0.28,0.0111,0.0161,0.1733,0.0301,5.859372876,Control,Biomass
3M54179,0.0692,0.5101,0.0433,0.1644,0.2082,0.135,0.0184,0.0068,0.0798,0.0265,4.885810142,Intervention,LPG
3M54185,0.1134,0.6812,0.3826,0.3364,0.4191,0.3302,0.0184,0.0068,0.261,0.0031,6.601025653,Control,Biomass
3M54186,0.0782,0.5298,0.05,0.3821,0.7358,0.1225,0.023,0.0241,0.1326,0.0046,10.52857522,Control,Biomass
3M54196,0.0942,0.5736,0.2812,0.4038,0.7024,0.4294,0.0276,0.0214,0.1684,0.0228,8.136624589,Control,Biomass
3M54211,0.1072,0.8211,0.6613,0.4887,0.5503,0.38,0.0111,0.0268,0.259,0.01,8.978006545,Intervention,LPG
3M54217,0.0858,0.4904,0.1519,0.5218,0.637,0.1624,0.0415,0.0268,0.1614,0.0064,9.107711374,Control,Biomass
3M54223,0.0771,0.4829,0.2126,0.4779,0.456,0.1782,0.0111,0.0038,0.1782,0.0031,6.247838561,Intervention,LPG
3M54224,0.0561,0.0561,0.0897,0.4593,0.5413,0.1974,0.0254,0.0068,0.1655,0.0082,9.107711374,Control,Biomass
3M54234,0.1063,0.3598,0.0088,0.3726,0.2588,0.2506,0.0111,0.0173,0.0438,0.0046,2.674959717,Control,Biomass
3M54239,0.0745,0.4137,0.0568,0.4893,1.1151,0.1675,0.0111,0.0038,0.0946,0.0031,14.31808529,Control,Biomass
3M54243,0.134,0.4237,0.3026,0.6113,3.0839,0.3333,0.0111,0.0173,0.1087,0.0031,18.86550468,Control,Biomass
3M54244,0.053900000000000003,0.3822,0.0088,0.3711,0.1726,0.0296,0.023,0.0038,0.0389,0.0265,2.579840166,Intervention,LPG
3M54248,0.055,0.5141,0.0962,0.4442,0.3163,0.0979,0.0254,0.0038,0.1355,0.0413,5.361049851,Intervention,LPG
3M54257,0.1593,0.4876,0.4429,0.6421,2.3424,0.7674,0.0506,0.0535,0.3017,0.0031,15.76778465,Control,Biomass
3M54263,0.0594,0.4027,0.0088,0.1801,0.1958,0.0986,0.0111,0.0108,0.0689,0.0031,2.692797895,Intervention,LPG
3M54266,0.0628,0.4244,0.463,0.2403,0.4253,0.0466,0.0276,0.0173,0.0689,0.032,4.151767151,Intervention,LPG
3M54270,0.1191,1.3356,2.0511,0.3231,1.1467,0.2672,0.0603,0.0093,0.4222,0.0173,18.00484876,Control,Biomass
3M54276,0.0665,0.7263,0.4436,0.1757,0.2465,0.112,0.0111,0.0188,0.1614,0.0338,2.630476205,Intervention,LPG
